{"type":"FeatureCollection", "features": [
{"type":"Feature","geometry":{"type":"Polygon","coordinates":[[[7.562,4.5139],[7.6142,4.4686],[7.8109,4.5191],[7.8042,4.5712],[7.6979,4.5472],[7.562,4.5139]]]},"properties":{"name":"Eastern Obolo","state":"Akwa Ibom","db":["Eastern Obolo"]}},
{"type":"Feature","geometry":{"type":"Polygon","coordinates":[[[5.9926,4.893],[5.9749,5.1375],[5.9278,5.1607],[5.8814,5.1095],[5.6329,5.0184],[5.4484,5.1337],[5.5321,4.7516],[5.9926,4.893]]]},"properties":{"name":"Ekeremor","state":"Bayelsa","db":["Ekeremor"]}},
{"type":"Feature","geometry":{"type":"Polygon","coordinates":[[[6.8582,4.3982],[6.9838,4.6171],[6.9883,4.7611],[6.9579,4.7745],[6.9291,4.7817],[6.9047,4.7518],[6.7929,4.7278],[6.8582,4.3982]]]},"properties":{"name":"Degema","state":"Rivers","db":["Degema"]}},
{"type":"Feature","geometry":{"type":"Polygon","coordinates":[[[7.3246,4.4395],[7.578,4.4961],[7.4741,4.4958],[7.4765,4.5844],[7.305,4.5935],[7.2821,4.5601],[7.2623,4.5019],[7.3246,4.4395]]]},"properties":{"name":"Andoni","state":"Rivers","db":["Andoni"]}},
{"type":"Feature","geometry":{"type":"Polygon","coordinates":[[[8.3966,4.7806],[8.6146,4.8965],[8.7006,5.0143],[8.3968,5.1265],[8.3624,5.0346],[8.3558,4.9867],[8.3024,4.8443],[8.3966,4.7806]]]},"properties":{"name":"Akpabuyo","state":"Cross River","db":["Akpabuyo"]}},
{"type":"Feature","geometry":{"type":"Polygon","coordinates":[[[8.3011,4.7723],[8.2743,4.8547],[8.2224,4.9345],[8.1959,4.9544],[8.1807,4.7921],[8.2246,4.7776],[8.3011,4.7723]]]},"properties":{"name":"Oron","state":"Akwa Ibom","db":["Oron"]}},
{"type":"Feature","geometry":{"type":"Polygon","coordinates":[[[8.3966,4.7806],[8.481,4.6887],[8.6146,4.8965],[8.3966,4.7806]]]},"properties":{"name":"Bakassi","state":"Cross River","db":["Bakassi"]}},
{"type":"Feature","geometry":{"type":"Polygon","coordinates":[[[8.3558,4.9867],[8.3016,4.9871],[8.2224,4.9345],[8.2743,4.8547],[8.3024,4.8443],[8.3558,4.9867]]]},"properties":{"name":"Calabar South","state":"Cross River","db":["Calabar South"]}},
{"type":"Feature","geometry":{"type":"Polygon","coordinates":[[[8.2246,4.7776],[8.2017,4.705],[8.3199,4.7158],[8.3011,4.7723],[8.2246,4.7776]]]},"properties":{"name":"Udung Uko","state":"Akwa Ibom","db":["Udung Uko"]}},
{"type":"Feature","geometry":{"type":"Polygon","coordinates":[[[5.5321,4.7516],[5.843,4.4024],[6.1597,4.5666],[6.2018,4.6421],[6.2383,4.852],[6.1474,4.9406],[6.1416,4.9985],[5.9926,4.893],[5.5321,4.7516]]]},"properties":{"name":"Southern Ijaw","state":"Bayelsa","db":["Southern Ijaw"]}},
{"type":"Feature","geometry":{"type":"Polygon","coordinates":[[[3.353,7.836],[3.2298,8.0705],[3.1154,8.2128],[2.8702,8.2594],[2.7464,8.2287],[2.7125,7.852],[2.9102,7.9316],[3.0327,7.7957],[3.2823,7.7804],[3.353,7.836]]]},"properties":{"name":"Iwajowa","state":"Oyo","db":["Iwajowa"]}},
{"type":"Feature","geometry":{"type":"Polygon","coordinates":[[[3.0327,7.7957],[2.9727,7.6117],[3.075,7.4529],[3.3412,7.501],[3.3566,7.6407],[3.2823,7.7804],[3.0327,7.7957]]]},"properties":{"name":"Ibarapa North","state":"Oyo","db":["Ibarapa North"]}},
{"type":"Feature","geometry":{"type":"Polygon","coordinates":[[[6.9838,4.6171],[7.1234,4.6697],[7.1222,4.7021],[7.0736,4.8166],[7.0609,4.8073],[6.9883,4.7611],[6.9838,4.6171]]]},"properties":{"name":"Okrika","state":"Rivers","db":["Okrika"]}},
{"type":"Feature","geometry":{"type":"Polygon","coordinates":[[[2.7125,7.852],[2.7358,7.3177],[2.9948,7.3415],[3.075,7.4529],[2.9727,7.6117],[3.0327,7.7957],[2.9102,7.9316],[2.7125,7.852]]]},"properties":{"name":"Imeko Afon","state":"Ogun","db":["Imeko/Afon"]}},
{"type":"Feature","geometry":{"type":"Polygon","coordinates":[[[7.8109,4.5191],[8.3007,4.5548],[8.1371,4.6014],[8.0029,4.6021],[7.902,4.5647],[7.8042,4.5712],[7.8109,4.5191]]]},"properties":{"name":"Ibeno","state":"Akwa Ibom","db":["Ibeno"]}},
{"type":"Feature","geometry":{"type":"Polygon","coordinates":[[[6.1597,4.5666],[6.2393,4.3997],[6.2819,4.3753],[6.4449,4.4045],[6.3865,4.6198],[6.2018,4.6421],[6.1597,4.5666]]]},"properties":{"name":"Nembe","state":"Bayelsa","db":["Nembe"]}},
{"type":"Feature","geometry":{"type":"Polygon","coordinates":[[[4.9768,5.8877],[5.0469,6.0145],[4.8327,6.2613],[4.8651,6.4378],[4.8549,6.4313],[4.6052,6.4922],[4.4832,6.3261],[4.9768,5.8877]]]},"properties":{"name":"Ilaje","state":"Ondo","db":["Ilaje"]}},
{"type":"Feature","geometry":{"type":"MultiPolygon","coordinates":[[[[5.843,4.4024],[6.0879,4.2702],[6.2393,4.3997],[6.1597,4.5666],[5.843,4.4024]]],[[[6.54,4.5009],[6.5735,4.7049],[6.4611,4.7133],[6.3865,4.6198],[6.4449,4.4045],[6.2819,4.3753],[6.5492,4.3253],[6.5252,4.4696],[6.54,4.5009]]]]},"properties":{"name":"Brass","state":"Bayelsa","db":["Brass"]}},
{"type":"Feature","geometry":{"type":"Polygon","coordinates":[[[4.9768,5.8877],[5.1215,5.6432],[5.435,5.6523],[5.5415,5.7708],[5.5707,5.7783],[5.4737,6.0274],[5.4428,6.0414],[5.2702,6.0543],[5.1344,6.1694],[5.0469,6.0145],[4.9768,5.8877]]]},"properties":{"name":"Warri North","state":"Delta","db":["Warri  North"]}},
{"type":"Feature","geometry":{"type":"Polygon","coordinates":[[[5.0469,6.0145],[5.1344,6.1694],[5.0156,6.2924],[4.8651,6.4378],[4.8327,6.2613],[5.0469,6.0145]]]},"properties":{"name":"Ese Odo","state":"Ondo","db":["Ese-Odo"]}},
{"type":"Feature","geometry":{"type":"Polygon","coordinates":[[[11.4428,8.8091],[11.3357,8.9921],[11.2183,9.0156],[11.4428,8.8091]]]},"properties":{"name":"Jalingo","state":"Taraba","db":["Jalingo"]}},
{"type":"Feature","geometry":{"type":"Polygon","coordinates":[[[5.8814,5.1095],[5.7284,5.3283],[5.7025,5.4102],[5.5269,5.4071],[5.32,5.3548],[5.4484,5.1337],[5.6329,5.0184],[5.8814,5.1095]]]},"properties":{"name":"Burutu","state":"Delta","db":["Burutu"]}},
{"type":"Feature","geometry":{"type":"Polygon","coordinates":[[[12.6011,9.2488],[12.6484,9.562],[12.3921,9.6076],[12.2721,9.5222],[12.3551,9.3908],[12.4406,9.2892],[12.5113,9.2335],[12.6011,9.2488]]]},"properties":{"name":"Girei","state":"Adamawa","db":["Gire 1"]}},
{"type":"Feature","geometry":{"type":"Polygon","coordinates":[[[11.4428,8.8091],[11.5311,8.6669],[11.7576,8.6172],[11.7431,8.6776],[11.5736,8.9941],[11.7103,9.0712],[11.6985,9.1438],[11.3357,8.9921],[11.4428,8.8091]]]},"properties":{"name":"Yorro","state":"Taraba","db":["Yorro"]}},
{"type":"Feature","geometry":{"type":"Polygon","coordinates":[[[11.2183,9.0156],[11.0606,9.1233],[10.8917,8.825],[11.1104,8.6314],[11.3445,8.7188],[11.5311,8.6669],[11.4428,8.8091],[11.2183,9.0156]]]},"properties":{"name":"Ardo-Kola","state":"Taraba","db":["Ardokola"]}},
{"type":"Feature","geometry":{"type":"Polygon","coordinates":[[[12.4406,9.2892],[12.397,9.2213],[12.5113,9.2335],[12.4406,9.2892]]]},"properties":{"name":"Yola North","state":"Adamawa","db":["Yola North"]}},
{"type":"Feature","geometry":{"type":"Polygon","coordinates":[[[12.5113,9.2335],[12.397,9.2213],[12.4406,9.2892],[12.3551,9.3908],[12.0772,9.3153],[12.2118,9.2342],[12.572,9.0996],[12.6011,9.2488],[12.5113,9.2335]]]},"properties":{"name":"Yola South","state":"Adamawa","db":["Yola South"]}},
{"type":"Feature","geometry":{"type":"Polygon","coordinates":[[[8.2017,4.705],[8.1542,4.6672],[8.1371,4.6014],[8.3007,4.5548],[8.3199,4.7158],[8.2017,4.705]]]},"properties":{"name":"Mbo","state":"Akwa Ibom","db":["Mbo"]}},
{"type":"Feature","geometry":{"type":"Polygon","coordinates":[[[11.3357,8.9921],[11.6985,9.1438],[11.6874,9.2295],[11.6396,9.3067],[11.524,9.3961],[11.5201,9.404],[11.0606,9.1233],[11.2183,9.0156],[11.3357,8.9921]]]},"properties":{"name":"Lau","state":"Taraba","db":["Lau"]}},
{"type":"Feature","geometry":{"type":"Polygon","coordinates":[[[3.075,7.4529],[3.1694,7.3732],[3.3986,7.4437],[3.3412,7.501],[3.075,7.4529]]]},"properties":{"name":"Ibarapa Central","state":"Oyo","db":["Ibarapa Central"]}},
{"type":"Feature","geometry":{"type":"Polygon","coordinates":[[[2.9948,7.3415],[3.1275,7.0615],[3.3059,7.1174],[3.3317,7.1355],[3.3166,7.2213],[3.1694,7.3732],[3.075,7.4529],[2.9948,7.3415]]]},"properties":{"name":"Abeokuta North","state":"Ogun","db":["Abeokuta North"]}},
{"type":"Feature","geometry":{"type":"Polygon","coordinates":[[[7.2623,4.5019],[7.2167,4.5448],[7.3246,4.4395],[7.2623,4.5019]]]},"properties":{"name":"Bonny","state":"Rivers","db":["Bonny"]}},
{"type":"Feature","geometry":{"type":"MultiPolygon","coordinates":[[[[5.7025,5.4102],[5.7885,5.4423],[5.7503,5.491],[5.5998,5.5132],[5.5269,5.4071],[5.7025,5.4102]]],[[[5.431,5.3855],[5.5822,5.5145],[5.5106,5.5961],[5.2074,5.5988],[5.2271,5.4512],[5.431,5.3855]]],[[[5.435,5.6523],[5.4857,5.6312],[5.5415,5.7708],[5.435,5.6523]]]]},"properties":{"name":"Warri South-West","state":"Delta","db":["Warri South  West"]}},
{"type":"Feature","geometry":{"type":"Polygon","coordinates":[[[5.5415,5.7708],[5.4857,5.6312],[5.5106,5.5961],[5.5822,5.5145],[5.5998,5.5132],[5.7503,5.491],[5.784,5.516],[5.7059,5.5818],[5.6506,5.7007],[5.5707,5.7783],[5.5415,5.7708]]]},"properties":{"name":"Warri South","state":"Delta","db":["Warri South"]}},
{"type":"Feature","geometry":{"type":"Polygon","coordinates":[[[6.7929,4.7278],[6.7849,4.8207],[6.7409,4.8252],[6.5735,4.7049],[6.54,4.5009],[6.5252,4.4696],[6.5492,4.3253],[6.8582,4.3982],[6.7929,4.7278]]]},"properties":{"name":"Akuku Toru","state":"Rivers","db":["Akuku Toru"]}},
{"type":"Feature","geometry":{"type":"Polygon","coordinates":[[[4.082,7.2009],[4.2879,7.3013],[4.1353,7.4031],[4.1257,7.3118],[4.082,7.2009]]]},"properties":{"name":"Isokan","state":"Osun","db":["Isokan"]}},
{"type":"Feature","geometry":{"type":"Polygon","coordinates":[[[4.2879,7.3013],[4.2944,7.4716],[4.149,7.4775],[4.1371,7.4591],[4.1353,7.4031],[4.2879,7.3013]]]},"properties":{"name":"Irewole","state":"Osun","db":["Irewole"]}},
{"type":"Feature","geometry":{"type":"Polygon","coordinates":[[[7.6849,5.0438],[7.7876,5.0906],[7.7546,5.1418],[7.6514,5.1755],[7.5325,5.1725],[7.5386,5.1013],[7.5464,5.0864],[7.6038,5.0498],[7.6849,5.0438]]]},"properties":{"name":"Essien Udim","state":"Akwa Ibom","db":["Essien Udim"]}},
{"type":"Feature","geometry":{"type":"Polygon","coordinates":[[[7.902,4.5647],[7.876,4.6764],[7.8028,4.7211],[7.8042,4.5712],[7.902,4.5647]]]},"properties":{"name":"Onna","state":"Akwa Ibom","db":["Onna"]}},
{"type":"Feature","geometry":{"type":"Polygon","coordinates":[[[7.6881,6.8527],[7.5552,6.9806],[7.4845,6.92],[7.4227,6.8635],[7.6044,6.781],[7.6881,6.8527]]]},"properties":{"name":"Udenu","state":"Enugu","db":["Udenu"]}},
{"type":"Feature","geometry":{"type":"Polygon","coordinates":[[[7.2821,4.5601],[7.234,4.6954],[7.1897,4.7412],[7.1222,4.7021],[7.1234,4.6697],[7.2167,4.5448],[7.2623,4.5019],[7.2821,4.5601]]]},"properties":{"name":"Ogu Bolo","state":"Rivers","db":["Ogu/Bolo"]}},
{"type":"Feature","geometry":{"type":"Polygon","coordinates":[[[7.5791,6.3939],[7.5926,6.4316],[7.5399,6.4545],[7.4693,6.4168],[7.461,6.3793],[7.5791,6.3939]]]},"properties":{"name":"Enugu South","state":"Enugu","db":["Enugu South"]}},
{"type":"Feature","geometry":{"type":"Polygon","coordinates":[[[7.7546,5.1418],[7.722,5.2772],[7.6514,5.1755],[7.7546,5.1418]]]},"properties":{"name":"Ikot Ekpene","state":"Akwa Ibom","db":["Ikot Ekpene"]}},
{"type":"Feature","geometry":{"type":"Polygon","coordinates":[[[8.052,4.7498],[7.9761,4.8379],[7.9261,4.8221],[7.8753,4.798],[7.8923,4.7136],[8.0343,4.6821],[8.0622,4.6978],[8.052,4.7498]]]},"properties":{"name":"Nsit Ubium","state":"Akwa Ibom","db":["Nsit Ubium"]}},
{"type":"Feature","geometry":{"type":"Polygon","coordinates":[[[8.1807,4.7921],[8.0991,4.6958],[8.1542,4.6672],[8.2017,4.705],[8.2246,4.7776],[8.1807,4.7921]]]},"properties":{"name":"Urue Offong/Oruko","state":"Akwa Ibom","db":["Urue Offong/Oruko"]}},
{"type":"Feature","geometry":{"type":"Polygon","coordinates":[[[7.6849,5.0438],[7.7181,4.9911],[7.7577,4.9986],[7.7905,4.8815],[7.8014,4.8838],[7.8238,4.958],[7.8287,4.9861],[7.834,5.0339],[7.8291,5.0403],[7.7876,5.0906],[7.6849,5.0438]]]},"properties":{"name":"Abak","state":"Akwa Ibom","db":["Abak"]}},
{"type":"Feature","geometry":{"type":"Polygon","coordinates":[[[7.5791,6.3939],[7.5387,6.2172],[7.5347,6.1741],[7.6694,6.0636],[7.7262,6.1149],[7.733,6.2266],[7.7046,6.578],[7.6463,6.5699],[7.5926,6.4316],[7.5791,6.3939]]]},"properties":{"name":"Nkanu East","state":"Enugu","db":["Nkanu East"]}},
{"type":"Feature","geometry":{"type":"Polygon","coordinates":[[[7.4845,6.92],[7.3514,7.0334],[7.3164,7.0105],[7.4227,6.8635],[7.4845,6.92]]]},"properties":{"name":"Igbo-Eze-South","state":"Enugu","db":["Igbo Eze South"]}},
{"type":"Feature","geometry":{"type":"Polygon","coordinates":[[[7.4227,6.8635],[7.3164,7.0105],[7.2028,6.9023],[7.3017,6.7367],[7.5981,6.6559],[7.6044,6.781],[7.4227,6.8635]]]},"properties":{"name":"Nsukka","state":"Enugu","db":["Nsukka"]}},
{"type":"Feature","geometry":{"type":"Polygon","coordinates":[[[7.234,4.6954],[7.3319,4.7101],[7.3272,4.7626],[7.1847,4.8075],[7.1897,4.7412],[7.234,4.6954]]]},"properties":{"name":"Tai","state":"Rivers","db":["Tai"]}},
{"type":"Feature","geometry":{"type":"Polygon","coordinates":[[[4.4239,7.1908],[4.5129,7.3534],[4.4756,7.4758],[4.4774,7.5659],[4.3868,7.4908],[4.4239,7.1908]]]},"properties":{"name":"Ife North","state":"Osun","db":["Ife North"]}},
{"type":"Feature","geometry":{"type":"Polygon","coordinates":[[[4.082,7.2009],[4.0884,7.1334],[4.3428,7.068],[4.3507,7.0657],[4.4239,7.1908],[4.3868,7.4908],[4.4774,7.5659],[4.5088,7.5991],[4.3296,7.6351],[4.3055,7.6205],[4.2944,7.4716],[4.2879,7.3013],[4.082,7.2009]]]},"properties":{"name":"Ayedade","state":"Osun","db":["Ayedaade"]}},
{"type":"Feature","geometry":{"type":"Polygon","coordinates":[[[4.2944,7.4716],[4.3055,7.6205],[4.2479,7.6408],[4.1416,7.5932],[4.149,7.4775],[4.2944,7.4716]]]},"properties":{"name":"Ayedire","state":"Osun","db":["Ayedire"]}},
{"type":"Feature","geometry":{"type":"Polygon","coordinates":[[[6.668,4.8885],[6.7248,5.0959],[6.7219,5.1055],[6.6844,5.2147],[6.5787,5.1772],[6.553,4.9725],[6.668,4.8885]]]},"properties":{"name":"Ahoada East","state":"Rivers","db":["Ahoada East"]}},
{"type":"Feature","geometry":{"type":"Polygon","coordinates":[[[3.2823,7.7804],[3.3566,7.6407],[3.6314,7.7101],[3.7469,7.8604],[3.8101,8.1398],[3.8531,8.223],[3.8567,8.3271],[3.6877,8.4056],[3.575,8.0925],[3.458,8.0499],[3.353,7.836],[3.2823,7.7804]]]},"properties":{"name":"Iseyin","state":"Oyo","db":["Iseyin"]}},
{"type":"Feature","geometry":{"type":"Polygon","coordinates":[[[3.2298,8.0705],[3.458,8.0499],[3.575,8.0925],[3.6877,8.4056],[3.3614,8.3094],[3.2516,8.3706],[2.8702,8.2594],[3.1154,8.2128],[3.2298,8.0705]]]},"properties":{"name":"Itesiwaju","state":"Oyo","db":["Itesiwaju"]}},
{"type":"Feature","geometry":{"type":"Polygon","coordinates":[[[3.353,7.836],[3.458,8.0499],[3.2298,8.0705],[3.353,7.836]]]},"properties":{"name":"Kajola","state":"Oyo","db":["Kajola"]}},
{"type":"Feature","geometry":{"type":"Polygon","coordinates":[[[7.461,6.3793],[7.4321,6.3115],[7.5387,6.2172],[7.5791,6.3939],[7.461,6.3793]]]},"properties":{"name":"Nkanu West","state":"Enugu","db":["Nkanu West"]}},
{"type":"Feature","geometry":{"type":"Polygon","coordinates":[[[7.9701,5.7683],[7.993,5.984],[7.9141,5.9755],[7.8531,5.9676],[7.9162,5.7481],[7.9701,5.7683]]]},"properties":{"name":"Afikpo North","state":"Ebonyi","db":["Afikpo North"]}},
{"type":"Feature","geometry":{"type":"Polygon","coordinates":[[[10.7554,7.6172],[10.4398,7.5002],[10.3156,7.6607],[10.3424,7.9595],[10.3282,8.0047],[10.2723,8.0669],[9.7977,7.6147],[9.8301,7.5876],[9.84,7.5793],[10.0166,7.5866],[10.2469,7.4341],[10.2675,7.2783],[10.4027,7.2568],[10.7554,7.6172]]]},"properties":{"name":"Donga","state":"Taraba","db":["Donga"]}},
{"type":"Feature","geometry":{"type":"Polygon","coordinates":[[[7.29,6.2783],[7.1602,6.3034],[7.1506,6.2286],[7.2708,6.079],[7.3391,6.0421],[7.4028,6.0147],[7.3646,6.2137],[7.29,6.2783]]]},"properties":{"name":"Oji-River","state":"Enugu","db":["Oji-River"]}},
{"type":"Feature","geometry":{"type":"Polygon","coordinates":[[[4.7993,8.0651],[4.7474,8.2097],[4.638,8.3269],[4.5274,8.0761],[4.569,8.0548],[4.7993,8.0651]],[[4.6504,8.1625],[4.7235,8.1936],[4.7278,8.1236],[4.6504,8.1625]]]},"properties":{"name":"Oyun","state":"Kwara","db":["Oyun"]}},
{"type":"Feature","geometry":{"type":"Polygon","coordinates":[[[6.2018,4.6421],[6.3865,4.6198],[6.4611,4.7133],[6.434,4.9303],[6.4217,4.9816],[6.2383,4.852],[6.2018,4.6421]]]},"properties":{"name":"Ogbia","state":"Bayelsa","db":["Ogbia"]}},
{"type":"Feature","geometry":{"type":"Polygon","coordinates":[[[6.9047,4.7518],[6.7849,4.8207],[6.7929,4.7278],[6.9047,4.7518]]]},"properties":{"name":"Asari-Toru","state":"Rivers","db":["Asari-Toru"]}},
{"type":"Feature","geometry":{"type":"Polygon","coordinates":[[[7.8287,4.9861],[7.8923,4.9912],[7.9912,4.9515],[7.9349,5.0768],[7.877,5.045],[7.834,5.0339],[7.8287,4.9861]]]},"properties":{"name":"Uyo","state":"Akwa Ibom","db":["Uyo"]}},
{"type":"Feature","geometry":{"type":"Polygon","coordinates":[[[7.7876,5.0906],[7.8291,5.0403],[7.807,5.2893],[7.7208,5.2969],[7.722,5.2772],[7.7546,5.1418],[7.7876,5.0906]]]},"properties":{"name":"Ikono","state":"Akwa Ibom","db":["Ikono"]}},
{"type":"Feature","geometry":{"type":"Polygon","coordinates":[[[2.7564,8.5752],[2.9207,8.6119],[3.1636,8.8086],[3.4192,8.8621],[3.6,8.9569],[3.6915,8.9966],[3.7707,9.1468],[3.6767,9.6325],[3.7969,10.0661],[3.6843,10.1567],[3.5253,9.8442],[3.1417,9.4411],[3.095,9.0906],[2.7947,9.0569],[2.7564,8.5752]]]},"properties":{"name":"Baruten","state":"Kwara","db":["Baruten"]}},
{"type":"Feature","geometry":{"type":"Polygon","coordinates":[[[4.149,7.4775],[4.1416,7.5932],[4.0758,7.653],[4.0631,7.6511],[3.9366,7.4231],[3.9402,7.4195],[3.9438,7.4036],[4.1371,7.4591],[4.149,7.4775]]]},"properties":{"name":"Lagelu","state":"Oyo","db":["Lagelu"]}},
{"type":"Feature","geometry":{"type":"Polygon","coordinates":[[[6.6793,6.972],[6.8003,7.0523],[6.7158,7.1228],[6.6793,6.972]]]},"properties":{"name":"Idah","state":"Kogi","db":["Idah"]}},
{"type":"Feature","geometry":{"type":"Polygon","coordinates":[[[9.7652,12.7962],[9.988,12.9564],[10.2347,13.0088],[10.2609,13.089],[10.2244,13.2804],[9.9621,13.1556],[9.662,12.8338],[9.6807,12.8209],[9.7652,12.7962]]]},"properties":{"name":"Machina","state":"Yobe","db":["Machina"]}},
{"type":"Feature","geometry":{"type":"Polygon","coordinates":[[[6.6793,6.972],[6.6236,6.7936],[6.6617,6.5579],[6.8086,6.5894],[6.861,6.7534],[6.9608,6.8409],[6.8003,7.0523],[6.6793,6.972]]]},"properties":{"name":"Ibaji","state":"Kogi","db":["Ibaji"]}},
{"type":"Feature","geometry":{"type":"Polygon","coordinates":[[[7.5531,8.7623],[7.5892,9.1009],[7.2181,9.0923],[7.1159,8.9264],[7.4819,8.868],[7.4776,8.6313],[7.5531,8.7623]]]},"properties":{"name":"Municipal Area Council","state":"FCT","db":["Municipal"]}},
{"type":"Feature","geometry":{"type":"Polygon","coordinates":[[[3.7707,9.1468],[4.2105,8.97],[4.3349,8.9808],[4.7646,9.1499],[4.6097,9.3618],[4.3506,9.5884],[4.1529,9.8621],[3.7969,10.0661],[3.6767,9.6325],[3.7707,9.1468]]]},"properties":{"name":"Kaiama","state":"Kwara","db":["Kaiama"]}},
{"type":"Feature","geometry":{"type":"Polygon","coordinates":[[[5.7496,12.2889],[5.8863,12.3139],[5.9031,12.448],[6.1053,12.6729],[6.0341,12.7841],[5.5882,12.8041],[5.6745,12.7348],[5.7506,12.3239],[5.7496,12.2889]]]},"properties":{"name":"Bakura","state":"Zamfara","db":["Bakura"]}},
{"type":"Feature","geometry":{"type":"Polygon","coordinates":[[[10.2347,13.0088],[10.3253,12.8115],[10.436,12.8176],[10.4696,13.0298],[10.2609,13.089],[10.2347,13.0088]]]},"properties":{"name":"Nguru","state":"Yobe","db":["Nguru"]}},
{"type":"Feature","geometry":{"type":"Polygon","coordinates":[[[5.2708,11.78],[5.3977,12.1968],[5.3116,12.3558],[5.2762,12.342],[5.1241,12.2858],[4.875,12.2297],[4.8667,11.9327],[4.941,11.7308],[5.2708,11.78]]]},"properties":{"name":"Gummi","state":"Zamfara","db":["Gummi"]}},
{"type":"Feature","geometry":{"type":"Polygon","coordinates":[[[8.905,11.9208],[9.202,11.9047],[9.223,11.9896],[8.9457,12.0723],[8.8636,11.9614],[8.8639,11.9118],[8.905,11.9208]]]},"properties":{"name":"Ajingi","state":"Kano","db":["Ajingi"]}},
{"type":"Feature","geometry":{"type":"Polygon","coordinates":[[[6.9883,4.7611],[7.0609,4.8073],[6.9579,4.7745],[6.9883,4.7611]]]},"properties":{"name":"Port-Harcourt","state":"Rivers","db":["Port Harcourt"]}},
{"type":"Feature","geometry":{"type":"Polygon","coordinates":[[[4.7503,12.7509],[4.7752,12.8547],[4.7022,13.0732],[4.5547,13.1114],[4.4516,12.8548],[4.7304,12.7021],[4.7503,12.7509]]]},"properties":{"name":"Augie","state":"Kebbi","db":["Augie"]}},
{"type":"Feature","geometry":{"type":"Polygon","coordinates":[[[4.875,12.2297],[4.7032,12.2254],[4.5882,12.0388],[4.5508,11.8919],[4.3688,11.747],[4.4828,11.532],[4.8026,11.7577],[4.9344,11.7221],[4.941,11.7308],[4.8667,11.9327],[4.875,12.2297]]]},"properties":{"name":"Kebbe","state":"Sokoto","db":["Kebbe"]}},
{"type":"Feature","geometry":{"type":"Polygon","coordinates":[[[4.5274,8.0761],[4.3917,8.304],[4.2797,8.2082],[4.2918,8.0553],[4.3972,7.8965],[4.429,7.8893],[4.5222,7.9556],[4.5531,7.9753],[4.569,8.0548],[4.5274,8.0761]]]},"properties":{"name":"Surulere","state":"Oyo","db":["Surulere"]}},
{"type":"Feature","geometry":{"type":"Polygon","coordinates":[[[9.223,11.9896],[9.3193,12.0569],[9.336,12.1657],[9.1456,12.3256],[8.9099,12.301],[8.9457,12.0723],[9.223,11.9896]]]},"properties":{"name":"Ringim","state":"Jigawa","db":["Ringim"]}},
{"type":"Feature","geometry":{"type":"MultiPolygon","coordinates":[[[[6.9291,4.7817],[6.8991,4.9042],[6.7248,5.0959],[6.668,4.8885],[6.7409,4.8252],[6.7849,4.8207],[6.9047,4.7518],[6.9291,4.7817]]],[[[6.7219,5.1055],[6.8166,5.2594],[6.7615,5.3159],[6.6844,5.2147],[6.7219,5.1055]]]]},"properties":{"name":"Emuoha","state":"Rivers","db":["Emohua"]}},
{"type":"Feature","geometry":{"type":"Polygon","coordinates":[[[7.6044,6.781],[7.5981,6.6559],[7.5538,6.5936],[7.6463,6.5699],[7.7046,6.578],[7.8177,6.6375],[7.8897,6.8345],[7.7119,6.8609],[7.6881,6.8527],[7.6044,6.781]]]},"properties":{"name":"Isi-Uzo","state":"Enugu","db":["Isi Uzo"]}},
{"type":"Feature","geometry":{"type":"Polygon","coordinates":[[[6.2383,4.852],[6.4217,4.9816],[6.5534,5.1898],[6.5309,5.2845],[6.3885,5.1936],[6.1474,4.9406],[6.2383,4.852]]]},"properties":{"name":"Yenegoa","state":"Bayelsa","db":["Yenagoa"]}},
{"type":"Feature","geometry":{"type":"MultiPolygon","coordinates":[[[[4.5488,8.4943],[4.5606,8.4806],[4.5665,8.4723],[4.5329,8.5245],[4.5488,8.4943]]],[[[4.7684,8.479],[4.9146,8.5725],[4.8808,8.7464],[4.6021,8.5365],[4.7684,8.479]]]]},"properties":{"name":"Ilorin East","state":"Kwara","db":["Ilorin East"]}},
{"type":"Feature","geometry":{"type":"Polygon","coordinates":[[[10.9691,9.6154],[10.9601,9.6792],[10.9776,9.8102],[10.7175,10.0499],[10.8553,10.2408],[10.28,10.2801],[9.9746,9.9682],[9.8209,9.9115],[9.9726,9.6995],[10.2606,9.6871],[10.541,9.4835],[10.7735,9.4473],[10.9691,9.6154]]]},"properties":{"name":"Alkaleri","state":"Bauchi","db":["Alkaleri"]}},
{"type":"Feature","geometry":{"type":"Polygon","coordinates":[[[7.1837,4.9499],[7.2561,5.078],[7.271,5.2118],[7.2643,5.2156],[7.2279,5.1948],[7.1837,4.9499]]]},"properties":{"name":"Omumma","state":"Rivers","db":["Omuma"]}},
{"type":"Feature","geometry":{"type":"Polygon","coordinates":[[[9.6259,11.2367],[9.6459,11.3562],[9.6644,11.7268],[9.6397,11.733],[9.481,11.6136],[9.3603,11.5608],[9.195,11.3266],[9.6094,11.3155],[9.6154,11.2403],[9.6259,11.2367]]]},"properties":{"name":"Birnin Kudu","state":"Jigawa","db":["Birnin Kudu"]}},
{"type":"Feature","geometry":{"type":"Polygon","coordinates":[[[9.84,7.5793],[9.8827,7.4143],[9.738,7.0781],[9.6457,6.8948],[9.598,6.4999],[9.7088,6.5213],[9.8747,6.7758],[10.1008,6.9676],[9.8851,7.0944],[9.9151,7.2442],[10.1602,7.285],[10.2349,7.2067],[10.2675,7.2783],[10.2469,7.4341],[10.0166,7.5866],[9.84,7.5793]]]},"properties":{"name":"Takum","state":"Taraba","db":["Takum"]}},
{"type":"Feature","geometry":{"type":"Polygon","coordinates":[[[6.6236,6.7936],[6.5301,6.7934],[6.3386,6.6677],[6.2816,6.3603],[6.2903,6.3619],[6.3623,6.3844],[6.5755,6.4951],[6.6689,6.5012],[6.6617,6.5579],[6.6236,6.7936]]]},"properties":{"name":"Esan South-East","state":"Edo","db":["Esan South East"]}},
{"type":"Feature","geometry":{"type":"Polygon","coordinates":[[[4.947,7.9022],[5.0203,7.9609],[5.0576,8.0395],[5.0549,8.0492],[4.999,8.0303],[4.9463,7.9018],[4.947,7.9022]]]},"properties":{"name":"Ifedayo","state":"Osun","db":["Ifedayo"]}},
{"type":"Feature","geometry":{"type":"Polygon","coordinates":[[[3.8531,8.223],[4.0786,7.9538],[4.0879,7.9422],[4.139,8.023],[4.1378,8.0272],[4.1759,8.0959],[4.1983,8.1266],[4.2797,8.2082],[4.3917,8.304],[4.269,8.5558],[3.9314,8.469],[3.8567,8.3271],[3.8531,8.223]]]},"properties":{"name":"Ori Ire","state":"Oyo","db":["Ori Ire"]}},
{"type":"Feature","geometry":{"type":"Polygon","coordinates":[[[4.7474,8.2097],[4.9072,8.3699],[5.1345,8.3642],[5.2399,8.2551],[5.3245,8.3338],[5.4464,8.4797],[5.4136,8.6862],[5.237,8.6605],[4.8636,8.9014],[4.8904,9.0568],[4.7813,8.9216],[4.8808,8.7464],[4.9146,8.5725],[4.7684,8.479],[4.5936,8.4362],[4.598,8.4267],[4.638,8.3269],[4.7474,8.2097]]]},"properties":{"name":"Ifelodun","state":"Kwara","db":["Ifelodun"]}},
{"type":"Feature","geometry":{"type":"Polygon","coordinates":[[[6.1053,12.6729],[6.1481,12.4781],[6.2834,12.4084],[6.4448,12.3671],[6.5008,12.4465],[6.55,12.678],[6.405,12.9477],[6.1444,13.079],[6.0469,13.0312],[6.0341,12.7841],[6.1053,12.6729]]]},"properties":{"name":"Maradun","state":"Zamfara","db":["Maradun"]}},
{"type":"Feature","geometry":{"type":"Polygon","coordinates":[[[7.5347,6.1741],[7.5128,6.0211],[7.5302,6.006],[7.7074,5.9334],[7.6694,6.0636],[7.5347,6.1741]]]},"properties":{"name":"Aninri","state":"Enugu","db":["Aninri"]}},
{"type":"Feature","geometry":{"type":"Polygon","coordinates":[[[8.0333,6.2035],[8.1265,6.1834],[8.4007,6.2166],[8.3917,6.3065],[8.1368,6.3571],[8.0856,6.324],[8.0333,6.2035]]]},"properties":{"name":"Abakaliki","state":"Ebonyi","db":["Abakaliki"]}},
{"type":"Feature","geometry":{"type":"Polygon","coordinates":[[[5.4464,8.4797],[5.6882,8.4529],[6.0827,8.4018],[6.1131,8.4415],[6.2085,8.7324],[6.1272,8.7533],[5.7608,8.7736],[5.5486,8.9122],[5.4136,8.6862],[5.4464,8.4797]]]},"properties":{"name":"Pategi","state":"Kwara","db":["Patigi"]}},
{"type":"Feature","geometry":{"type":"Polygon","coordinates":[[[9.7652,12.7962],[9.8531,12.6253],[10.1884,12.6954],[10.3514,12.7743],[10.3253,12.8115],[10.2347,13.0088],[9.988,12.9564],[9.7652,12.7962]]]},"properties":{"name":"Biriniwa","state":"Jigawa","db":["Birniwa"]}},
{"type":"Feature","geometry":{"type":"Polygon","coordinates":[[[10.1008,6.9676],[10.165,7.0211],[10.2349,7.2067],[10.1602,7.285],[9.9151,7.2442],[9.8851,7.0944],[10.1008,6.9676]]]},"properties":{"name":"Ussa","state":"Taraba","db":["Ussa"]}},
{"type":"Feature","geometry":{"type":"Polygon","coordinates":[[[4.7752,12.8547],[4.9641,12.931],[4.9853,13.0847],[4.7022,13.0732],[4.7752,12.8547]]]},"properties":{"name":"Silame","state":"Sokoto","db":["Silame"]}},
{"type":"Feature","geometry":{"type":"Polygon","coordinates":[[[9.3603,11.5608],[9.3274,11.5771],[9.0312,11.5561],[9.0331,11.528],[9.1302,11.3288],[9.195,11.3266],[9.3603,11.5608]]]},"properties":{"name":"Takai","state":"Kano","db":["Takai"]}},
{"type":"Feature","geometry":{"type":"Polygon","coordinates":[[[7.5892,9.1009],[7.7241,9.3293],[7.647,9.4087],[7.3786,9.3365],[7.221,9.1153],[7.2181,9.0923],[7.5892,9.1009]]]},"properties":{"name":"Bwari","state":"FCT","db":["Bwari"]}},
{"type":"Feature","geometry":{"type":"Polygon","coordinates":[[[5.4136,8.6862],[5.5486,8.9122],[5.209,9.0351],[4.9967,9.2074],[4.8761,9.1576],[4.8904,9.0568],[4.8636,8.9014],[5.237,8.6605],[5.4136,8.6862]]]},"properties":{"name":"Edu","state":"Kwara","db":["Edu"]}},
{"type":"Feature","geometry":{"type":"Polygon","coordinates":[[[8.0872,9.2307],[8.247,9.2394],[8.5778,9.4992],[8.5557,9.5816],[8.3118,9.6124],[8.1648,9.5511],[7.9406,9.3142],[8.0872,9.2307]]]},"properties":{"name":"Jema'A","state":"Kaduna","db":["Jema'A"]}},
{"type":"Feature","geometry":{"type":"Polygon","coordinates":[[[9.4758,12.5925],[9.3496,12.6821],[9.4004,12.5601],[9.4758,12.5925]]]},"properties":{"name":"Gumel","state":"Jigawa","db":["Gumel"]}},
{"type":"Feature","geometry":{"type":"Polygon","coordinates":[[[4.7022,13.0732],[4.9853,13.0847],[5.071,13.173],[4.7281,13.3509],[4.4975,13.16],[4.5547,13.1114],[4.7022,13.0732]]]},"properties":{"name":"Binji","state":"Sokoto","db":["Binji"]}},
{"type":"Feature","geometry":{"type":"Polygon","coordinates":[[[5.5402,12.981],[5.3613,13.113],[5.3369,13.2266],[5.1347,13.2496],[5.2436,13.0798],[5.2706,13.0652],[5.2921,13.0305],[5.5402,12.981]]]},"properties":{"name":"Kware","state":"Sokoto","db":["Kware"]}},
{"type":"Feature","geometry":{"type":"Polygon","coordinates":[[[3.9948,11.9992],[4.1054,12.0739],[4.1596,12.2504],[4.0102,12.2179],[3.8796,12.4267],[3.7645,12.0992],[3.9948,11.9992]]]},"properties":{"name":"Bunza","state":"Kebbi","db":["Bunza"]}},
{"type":"Feature","geometry":{"type":"Polygon","coordinates":[[[5.8349,7.924],[6.0271,8.1545],[6.087,8.354],[5.8262,8.1762],[5.8349,7.924]]]},"properties":{"name":"Mopa-Muro","state":"Kogi","db":["Mopa Moro"]}},
{"type":"Feature","geometry":{"type":"Polygon","coordinates":[[[5.2436,13.0798],[5.223,13.0433],[5.2706,13.0652],[5.2436,13.0798]]]},"properties":{"name":"Sokoto North","state":"Sokoto","db":["Sokoto North"]}},
{"type":"Feature","geometry":{"type":"Polygon","coordinates":[[[7.4943,12.0855],[7.5712,11.9621],[7.8656,12.0214],[7.8632,12.2326],[7.7989,12.264],[7.5252,12.1074],[7.4943,12.0855]]]},"properties":{"name":"Musawa","state":"Katsina","db":["Musawa"]}},
{"type":"Feature","geometry":{"type":"Polygon","coordinates":[[[5.8942,5.7986],[5.7642,5.9978],[5.5713,5.9909],[5.777,5.8149],[5.8942,5.7986]]]},"properties":{"name":"Ethiope West","state":"Delta","db":["Ethiope  West"]}},
{"type":"Feature","geometry":{"type":"Polygon","coordinates":[[[7.733,6.2266],[7.8512,6.2315],[7.9199,6.348],[7.8462,6.5983],[7.8177,6.6375],[7.7046,6.578],[7.733,6.2266]]]},"properties":{"name":"Ishielu","state":"Ebonyi","db":["Ishielu"]}},
{"type":"Feature","geometry":{"type":"Polygon","coordinates":[[[5.3331,11.3564],[5.4306,10.9906],[5.5562,10.9474],[5.8679,11.1069],[5.4138,11.4019],[5.3331,11.3564]]]},"properties":{"name":"Sakaba","state":"Kebbi","db":["Sakaba"]}},
{"type":"Feature","geometry":{"type":"Polygon","coordinates":[[[7.6247,11.2163],[7.8126,11.1535],[7.8413,11.1993],[7.8055,11.3717],[7.7507,11.3714],[7.6187,11.2777],[7.6247,11.2163]]]},"properties":{"name":"Kudan","state":"Kaduna","db":["Kudan"]}},
{"type":"Feature","geometry":{"type":"Polygon","coordinates":[[[7.2514,9.521],[7.5671,9.5772],[7.8365,9.6916],[7.9479,9.6349],[8.1167,9.625],[8.087,9.8611],[7.9519,10.1312],[7.7481,9.978],[7.5106,10.1947],[7.2541,10.0392],[7.2047,9.7583],[7.2514,9.521]]]},"properties":{"name":"Kachia","state":"Kaduna","db":["Kachia"]}},
{"type":"Feature","geometry":{"type":"Polygon","coordinates":[[[6.0565,13.3942],[6.2115,13.3045],[6.535,13.3059],[6.6531,13.3709],[6.4953,13.5684],[6.2964,13.679],[5.9818,13.7127],[5.9154,13.565],[6.0565,13.3942]]]},"properties":{"name":"Sabon Birni","state":"Sokoto","db":["S/Birni"]}},
{"type":"Feature","geometry":{"type":"Polygon","coordinates":[[[7.2028,6.9023],[6.9608,6.8409],[6.861,6.7534],[6.9393,6.7033],[7.1291,6.6595],[7.0331,6.4637],[7.2358,6.5733],[7.2976,6.6787],[7.3017,6.7367],[7.2028,6.9023]]]},"properties":{"name":"Uzo-Uwani","state":"Enugu","db":["Uzo-Uwani"]}},
{"type":"Feature","geometry":{"type":"Polygon","coordinates":[[[8.1648,9.5511],[8.1167,9.625],[7.9479,9.6349],[7.9191,9.3174],[7.9406,9.3142],[8.1648,9.5511]]]},"properties":{"name":"Jaba","state":"Kaduna","db":["Jaba"]}},
{"type":"Feature","geometry":{"type":"Polygon","coordinates":[[[7.9761,4.8379],[8.0188,4.9071],[7.9912,4.9515],[7.8923,4.9912],[7.9261,4.8221],[7.9761,4.8379]]]},"properties":{"name":"Ibesikpo Asutan","state":"Akwa Ibom","db":["Ibesikpo Asutan"]}},
{"type":"Feature","geometry":{"type":"Polygon","coordinates":[[[5.2706,13.0652],[5.223,13.0433],[5.2474,13.0056],[5.2921,13.0305],[5.2706,13.0652]]]},"properties":{"name":"Sokoto South","state":"Sokoto","db":["Sokoto South"]}},
{"type":"Feature","geometry":{"type":"Polygon","coordinates":[[[4.7503,12.7509],[4.8676,12.629],[5.0852,12.7741],[5.0579,12.9337],[4.9641,12.931],[4.7752,12.8547],[4.7503,12.7509]]]},"properties":{"name":"Yabo","state":"Sokoto","db":["Yabo"]}},
{"type":"Feature","geometry":{"type":"Polygon","coordinates":[[[12.4525,10.7377],[12.6663,10.7823],[12.7509,10.9741],[13.0872,10.9402],[13.3279,10.8652],[13.1431,11.1245],[13.1921,11.3207],[12.9036,11.2745],[12.8293,11.3576],[12.6349,11.2124],[12.4407,11.3898],[12.2206,11.3588],[12.1531,11.1196],[12.3145,11.022],[12.4525,10.7377]]]},"properties":{"name":"Damboa","state":"Borno","db":["Damboa"]}},
{"type":"Feature","geometry":{"type":"Polygon","coordinates":[[[7.7989,12.264],[7.6091,12.343],[7.5422,12.2685],[7.5252,12.1074],[7.7989,12.264]]]},"properties":{"name":"Matazu","state":"Katsina","db":["Matazu"]}},
{"type":"Feature","geometry":{"type":"Polygon","coordinates":[[[8.2421,12.8261],[8.3984,12.8259],[8.5021,12.8338],[8.4134,13.038],[8.366,13.0171],[8.2506,12.8799],[8.2421,12.8261]]]},"properties":{"name":"Sandamu","state":"Katsina","db":["Sandamu"]}},
{"type":"Feature","geometry":{"type":"Polygon","coordinates":[[[7.8639,13.0901],[8.0639,12.9396],[8.161,13.0385],[8.062,13.3168],[7.8197,13.3523],[7.8639,13.0901]]]},"properties":{"name":"Mashi","state":"Katsina","db":["Mashi"]}},
{"type":"Feature","geometry":{"type":"Polygon","coordinates":[[[7.5252,12.1074],[7.5422,12.2685],[7.3346,12.32],[7.0659,12.4317],[7.1172,12.094],[7.1303,12.0684],[7.4943,12.0855],[7.5252,12.1074]]]},"properties":{"name":"Dan Musa","state":"Katsina","db":["Dan Musa"]}},
{"type":"Feature","geometry":{"type":"Polygon","coordinates":[[[8.4715,11.7172],[8.6183,11.7524],[8.5097,11.8461],[8.379,11.7577],[8.4715,11.7172]]]},"properties":{"name":"Kura","state":"Kano","db":["Kura"]}},
{"type":"Feature","geometry":{"type":"Polygon","coordinates":[[[8.8183,10.3804],[8.7832,10.597],[8.4812,10.7159],[8.3344,10.6264],[8.4162,10.4442],[8.3305,10.3539],[8.5009,10.0922],[8.4343,9.998],[8.4342,9.994],[8.6796,10.0111],[8.672,10.1462],[8.8183,10.3804]]]},"properties":{"name":"Lere","state":"Kaduna","db":["Lere"]}},
{"type":"Feature","geometry":{"type":"Polygon","coordinates":[[[8.5021,12.8338],[8.5522,12.8318],[8.7079,12.93],[8.4344,13.0819],[8.4134,13.038],[8.5021,12.8338]]]},"properties":{"name":"Zango","state":"Katsina","db":["Zango"]}},
{"type":"Feature","geometry":{"type":"Polygon","coordinates":[[[5.3613,13.113],[5.722,13.2379],[5.4853,13.3772],[5.3369,13.2266],[5.3613,13.113]]]},"properties":{"name":"Wurno","state":"Sokoto","db":["Wurno"]}},
{"type":"Feature","geometry":{"type":"Polygon","coordinates":[[[4.7281,13.3509],[4.8014,13.7687],[4.3944,13.6535],[4.1265,13.4682],[4.1264,13.2497],[4.4975,13.16],[4.7281,13.3509]]]},"properties":{"name":"Gudu","state":"Sokoto","db":["Gudu"]}},
{"type":"Feature","geometry":{"type":"Polygon","coordinates":[[[8.2421,12.8261],[8.1416,12.811],[8.16,12.684],[8.3441,12.6529],[8.4027,12.7059],[8.3984,12.8259],[8.2421,12.8261]]]},"properties":{"name":"Gwiwa","state":"Jigawa","db":["Gwiwa"]}},
{"type":"Feature","geometry":{"type":"Polygon","coordinates":[[[4.4749,12.4064],[4.4474,12.5594],[4.1735,12.6558],[4.054,12.5562],[4.2355,12.332],[4.3605,12.3371],[4.4749,12.4064]]]},"properties":{"name":"Birnin Kebbi","state":"Kebbi","db":["Birnin Kebbi"]}},
{"type":"Feature","geometry":{"type":"Polygon","coordinates":[[[3.9948,11.9992],[3.9835,11.6657],[3.8114,11.5877],[3.9893,11.5005],[4.2288,11.6598],[4.3006,11.7329],[4.2917,11.9],[4.1054,12.0739],[3.9948,11.9992]]]},"properties":{"name":"Suru","state":"Kebbi","db":["Suru"]}},
{"type":"Feature","geometry":{"type":"Polygon","coordinates":[[[11.6396,9.3067],[12.034,9.4367],[12.0709,9.6261],[11.96,9.5978],[11.524,9.3961],[11.6396,9.3067]]]},"properties":{"name":"Numan","state":"Adamawa","db":["Numan"]}},
{"type":"Feature","geometry":{"type":"Polygon","coordinates":[[[12.1531,11.1196],[11.9989,10.9977],[11.799,10.9382],[11.7639,10.7382],[11.839,10.6649],[11.9678,10.5839],[12.2053,10.5568],[12.4647,10.6394],[12.4525,10.7377],[12.3145,11.022],[12.1531,11.1196]]]},"properties":{"name":"Biu","state":"Borno","db":["Biu"]}},
{"type":"Feature","geometry":{"type":"Polygon","coordinates":[[[7.378,10.4901],[7.4408,10.488],[7.4118,10.5605],[7.378,10.4901]]]},"properties":{"name":"Kaduna South","state":"Kaduna","db":["Kaduna South"]}},
{"type":"Feature","geometry":{"type":"Polygon","coordinates":[[[13.7864,11.7493],[14.265,11.7865],[14.3159,12.0909],[14.0713,12.037],[13.9563,12.1664],[13.9098,12.1212],[13.7864,11.7493]]]},"properties":{"name":"Dikwa","state":"Borno","db":["Dikwa"]}},
{"type":"Feature","geometry":{"type":"Polygon","coordinates":[[[7.7919,10.9226],[7.7727,11.137],[7.6457,11.1308],[7.5231,10.9706],[7.7919,10.9226]]]},"properties":{"name":"Zaria","state":"Kaduna","db":["Zaria"]}},
{"type":"Feature","geometry":{"type":"Polygon","coordinates":[[[4.1596,12.2504],[4.2445,12.3069],[4.2355,12.332],[4.054,12.5562],[3.8796,12.4267],[4.0102,12.2179],[4.1596,12.2504]]]},"properties":{"name":"Kalgo","state":"Kebbi","db":["Kalgo"]}},
{"type":"Feature","geometry":{"type":"Polygon","coordinates":[[[8.3984,12.8259],[8.4027,12.7059],[8.6686,12.7195],[8.5522,12.8318],[8.5021,12.8338],[8.3984,12.8259]]]},"properties":{"name":"Yankwashi","state":"Jigawa","db":["Yankwashi"]}},
{"type":"Feature","geometry":{"type":"Polygon","coordinates":[[[8.5557,9.5816],[8.5989,9.7279],[8.5011,9.7409],[8.3118,9.6124],[8.5557,9.5816]]]},"properties":{"name":"Kaura","state":"Kaduna","db":["Kaura"]}},
{"type":"Feature","geometry":{"type":"Polygon","coordinates":[[[11.524,9.3961],[11.96,9.5978],[11.9008,9.6709],[11.7761,9.7071],[11.4296,9.5496],[11.5201,9.404],[11.524,9.3961]]]},"properties":{"name":"Lamurde","state":"Adamawa","db":["Lamurde"]}},
{"type":"Feature","geometry":{"type":"Polygon","coordinates":[[[13.4703,12.257],[13.6749,12.3454],[13.774,12.548],[14.1525,12.7703],[14.1157,12.9363],[13.9421,12.7545],[13.6063,12.7209],[13.4019,12.5468],[13.2714,12.2518],[13.4703,12.257]]]},"properties":{"name":"Monguno","state":"Borno","db":["Monguno"]}},
{"type":"Feature","geometry":{"type":"Polygon","coordinates":[[[7.5926,6.4316],[7.6463,6.5699],[7.5538,6.5936],[7.4264,6.6127],[7.4418,6.4762],[7.5399,6.4545],[7.5926,6.4316]]]},"properties":{"name":"Enugu East","state":"Enugu","db":["Enugu East"]}},
{"type":"Feature","geometry":{"type":"Polygon","coordinates":[[[14.3159,12.0909],[14.4267,12.2003],[14.321,12.3711],[14.1875,12.4062],[14.1725,12.6783],[14.045,12.6111],[13.9563,12.1664],[14.0713,12.037],[14.3159,12.0909]]]},"properties":{"name":"Ngala","state":"Borno","db":["Ngala"]}},
{"type":"Feature","geometry":{"type":"Polygon","coordinates":[[[12.4188,12.5244],[12.7532,12.4126],[12.8698,12.3081],[13.0828,12.7926],[12.9643,12.8061],[12.8557,13.0319],[12.4992,12.7098],[12.4188,12.5244]]]},"properties":{"name":"Gubio","state":"Borno","db":["Gubio"]}},
{"type":"Feature","geometry":{"type":"Polygon","coordinates":[[[5.6882,8.4529],[5.6436,8.074],[5.6582,7.8279],[5.7373,7.8211],[5.8349,7.924],[5.8262,8.1762],[6.087,8.354],[6.0827,8.4018],[5.6882,8.4529]]]},"properties":{"name":"Yagba East","state":"Kogi","db":["Yagba East"]}},
{"type":"Feature","geometry":{"type":"Polygon","coordinates":[[[12.6663,10.7823],[12.9363,10.6581],[13.0872,10.9402],[12.7509,10.9741],[12.6663,10.7823]]]},"properties":{"name":"Chibok","state":"Borno","db":["Chibok"]}},
{"type":"Feature","geometry":{"type":"Polygon","coordinates":[[[5.6745,12.7348],[5.3743,12.6854],[5.2913,12.6225],[5.2762,12.342],[5.3116,12.3558],[5.7506,12.3239],[5.6745,12.7348]]]},"properties":{"name":"Tureta","state":"Sokoto","db":["Tureta"]}},
{"type":"Feature","geometry":{"type":"Polygon","coordinates":[[[11.8527,7.3912],[11.7727,7.6515],[11.4898,7.7998],[11.3415,8.0187],[11.0778,7.9424],[10.7891,7.6396],[10.978,7.3099],[11.2849,7.0521],[11.5649,7.0698],[11.6944,6.9727],[11.8825,7.1322],[11.8527,7.3912]]]},"properties":{"name":"Gashaka","state":"Taraba","db":["Gashaka"]}},
{"type":"Feature","geometry":{"type":"Polygon","coordinates":[[[10.28,10.2801],[10.2421,10.4419],[10.0171,10.3802],[9.6612,10.6115],[9.6962,10.3329],[9.622,10.1774],[9.8209,9.9115],[9.9746,9.9682],[10.28,10.2801]]]},"properties":{"name":"Bauchi","state":"Bauchi","db":["Bauchi"]}},
{"type":"Feature","geometry":{"type":"Polygon","coordinates":[[[11.9678,10.5839],[12.0092,10.3471],[12.2572,10.3598],[12.3869,10.3171],[12.5923,10.4899],[12.4647,10.6394],[12.2053,10.5568],[11.9678,10.5839]]]},"properties":{"name":"Hawul","state":"Borno","db":["Hawul"]}},
{"type":"Feature","geometry":{"type":"Polygon","coordinates":[[[7.9912,4.9515],[8.0188,4.9071],[8.0998,4.8842],[8.1613,4.9693],[8.0839,5.1255],[7.9349,5.0768],[7.9912,4.9515]]]},"properties":{"name":"Uruan","state":"Akwa Ibom","db":["Uruan"]}},
{"type":"Feature","geometry":{"type":"Polygon","coordinates":[[[11.7576,8.6172],[11.7927,8.5645],[11.886,8.6458],[12.1969,8.9155],[12.2118,9.2342],[12.0772,9.3153],[11.8419,9.1714],[11.6874,9.2295],[11.6985,9.1438],[11.7103,9.0712],[11.8715,8.9471],[11.7431,8.6776],[11.7576,8.6172]]]},"properties":{"name":"Mayo-Belwa","state":"Adamawa","db":["Mayobelwa"]}},
{"type":"Feature","geometry":{"type":"Polygon","coordinates":[[[13.2787,10.0662],[13.4689,10.1861],[13.2375,10.2203],[13.1219,10.2243],[13.2787,10.0662]]]},"properties":{"name":"Mubi South","state":"Adamawa","db":["Mubi South"]}},
{"type":"Feature","geometry":{"type":"Polygon","coordinates":[[[6.2507,6.8363],[6.3793,6.8137],[6.4834,6.9253],[6.4147,7.1667],[6.2567,7.2077],[6.1803,7.1128],[6.1674,6.8238],[6.2507,6.8363]]]},"properties":{"name":"Etsako West","state":"Edo","db":["Etsako  West"]}},
{"type":"Feature","geometry":{"type":"Polygon","coordinates":[[[11.2451,11.6568],[11.3808,11.3866],[11.6265,11.4216],[11.8487,11.6199],[11.7227,12.0139],[11.3125,12.3908],[11.2256,12.3478],[10.9666,12.0848],[11.1078,11.8374],[11.2216,11.802],[11.2451,11.6568]]]},"properties":{"name":"Fune","state":"Yobe","db":["Fune"]}},
{"type":"Feature","geometry":{"type":"Polygon","coordinates":[[[12.8557,13.0319],[13.0842,13.1126],[12.9183,13.4069],[12.8189,13.4217],[12.4296,13.073],[12.4085,13.0235],[12.4992,12.7098],[12.8557,13.0319]]]},"properties":{"name":"Mobbar","state":"Borno","db":["Mobbar"]}},
{"type":"Feature","geometry":{"type":"Polygon","coordinates":[[[11.2216,11.802],[11.0343,11.7615],[11.0558,11.5969],[11.2451,11.6568],[11.2216,11.802]]]},"properties":{"name":"Potiskum","state":"Yobe","db":["Potiskum"]}},
{"type":"Feature","geometry":{"type":"Polygon","coordinates":[[[13.3279,10.8652],[13.3362,10.8669],[13.5773,10.9483],[13.7507,10.9141],[14.0036,11.2833],[13.594,11.4346],[13.4024,11.3236],[13.1921,11.3207],[13.1431,11.1245],[13.3279,10.8652]]]},"properties":{"name":"Gwoza","state":"Borno","db":["Gwoza"]}},
{"type":"Feature","geometry":{"type":"Polygon","coordinates":[[[13.6063,12.7209],[13.2909,12.9255],[13.2833,13.0126],[13.0842,13.1126],[12.8557,13.0319],[12.9643,12.8061],[13.0828,12.7926],[13.4019,12.5468],[13.6063,12.7209]]]},"properties":{"name":"Guzamala","state":"Borno","db":["Guzamala"]}},
{"type":"Feature","geometry":{"type":"Polygon","coordinates":[[[13.1219,10.2243],[13.0544,10.0202],[13.0896,9.7093],[13.0867,9.512],[13.2187,9.5426],[13.2787,10.0662],[13.1219,10.2243]]]},"properties":{"name":"Maiha","state":"Adamawa","db":["Maiha"]}},
{"type":"Feature","geometry":{"type":"Polygon","coordinates":[[[11.9989,10.9977],[11.9188,11.2218],[11.5589,11.2205],[11.4734,11.0175],[11.5227,10.6615],[11.5218,10.569],[11.5833,10.5939],[11.7639,10.7382],[11.799,10.9382],[11.9989,10.9977]]]},"properties":{"name":"Gulani","state":"Yobe","db":["Gulani"]}},
{"type":"Feature","geometry":{"type":"Polygon","coordinates":[[[11.7431,8.6776],[11.8715,8.9471],[11.7103,9.0712],[11.5736,8.9941],[11.7431,8.6776]]]},"properties":{"name":"Zing","state":"Taraba","db":["Zing"]}},
{"type":"Feature","geometry":{"type":"Polygon","coordinates":[[[3.6,8.9569],[3.654,8.7901],[3.8743,8.5556],[3.9772,8.8755],[3.6915,8.9966],[3.6,8.9569]]]},"properties":{"name":"Orelope","state":"Oyo","db":["Oorelope"]}},
{"type":"Feature","geometry":{"type":"Polygon","coordinates":[[[7.9261,4.8221],[7.8923,4.9912],[7.8287,4.9861],[7.8238,4.958],[7.8753,4.798],[7.9261,4.8221]]]},"properties":{"name":"Nsit Ibom","state":"Akwa Ibom","db":["Nsit Ibom"]}},
{"type":"Feature","geometry":{"type":"Polygon","coordinates":[[[12.6011,9.2488],[12.572,9.0996],[12.2118,9.2342],[12.1969,8.9155],[12.3097,8.8016],[12.6211,8.8189],[12.844,8.9693],[12.9423,9.0635],[12.9062,9.3414],[13.0867,9.512],[13.0896,9.7093],[12.7583,9.6723],[12.6484,9.562],[12.6011,9.2488]]]},"properties":{"name":"Fufore","state":"Adamawa","db":["Fufore"]}},
{"type":"Feature","geometry":{"type":"Polygon","coordinates":[[[7.8042,4.5712],[7.8028,4.7211],[7.8014,4.8838],[7.7905,4.8815],[7.7034,4.7135],[7.6979,4.5472],[7.8042,4.5712]]]},"properties":{"name":"Mkpat Enin","state":"Akwa Ibom","db":["Mkpat Enin"]}},
{"type":"Feature","geometry":{"type":"Polygon","coordinates":[[[6.0448,6.7768],[5.9416,7.0698],[5.8526,7.094],[5.7516,6.7816],[5.8701,6.7972],[6.012,6.7736],[6.0448,6.7768]]]},"properties":{"name":"Owan West","state":"Edo","db":["Owan West"]}},
{"type":"Feature","geometry":{"type":"Polygon","coordinates":[[[12.8293,11.3576],[12.7345,11.5076],[12.6837,11.9977],[12.4677,11.9162],[12.2741,11.9774],[12.1958,11.6575],[12.3735,11.5498],[12.2206,11.3588],[12.4407,11.3898],[12.6349,11.2124],[12.8293,11.3576]]]},"properties":{"name":"Kaga","state":"Borno","db":["Kaga"]}},
{"type":"Feature","geometry":{"type":"Polygon","coordinates":[[[11.0606,9.1233],[11.5201,9.404],[11.4296,9.5496],[11.3739,9.5468],[11.1142,9.5256],[10.9691,9.6154],[10.7735,9.4473],[10.541,9.4835],[10.5603,9.3902],[10.6361,9.119],[10.2456,8.8044],[10.3838,8.6835],[10.7646,8.7259],[10.8917,8.825],[11.0606,9.1233]]]},"properties":{"name":"Karim Lamido","state":"Taraba","db":["Karim-Lamido"]}},
{"type":"Feature","geometry":{"type":"Polygon","coordinates":[[[14.1157,12.9363],[14.0832,13.0834],[13.7621,13.5295],[13.4555,13.3232],[13.4687,13.1828],[13.2833,13.0126],[13.2909,12.9255],[13.6063,12.7209],[13.9421,12.7545],[14.1157,12.9363]]]},"properties":{"name":"Kukawa","state":"Borno","db":["Kukawa"]}},
{"type":"Feature","geometry":{"type":"Polygon","coordinates":[[[12.2572,10.3598],[12.2127,10.2808],[12.2221,9.9263],[12.3535,10.0187],[12.7164,10.0492],[12.7618,10.1395],[12.7841,10.2992],[12.612,10.4484],[12.5923,10.4899],[12.3869,10.3171],[12.2572,10.3598]]]},"properties":{"name":"Gombi","state":"Adamawa","db":["Gombi"]}},
{"type":"Feature","geometry":{"type":"Polygon","coordinates":[[[11.9008,9.6709],[12.0029,9.721],[11.9912,10.0353],[11.8358,10.0339],[11.7761,9.7071],[11.9008,9.6709]]]},"properties":{"name":"Guyuk","state":"Adamawa","db":["Guyuk"]}},
{"type":"Feature","geometry":{"type":"Polygon","coordinates":[[[8.6433,11.14],[8.7861,11.3952],[8.7717,11.4704],[8.6146,11.3496],[8.4331,11.4225],[8.3013,11.3467],[8.2644,11.3132],[8.5187,11.1623],[8.6433,11.14]]]},"properties":{"name":"Tudun Wada","state":"Kano","db":["Tudun Wada"]}},
{"type":"Feature","geometry":{"type":"Polygon","coordinates":[[[2.7564,8.5752],[2.7247,8.4314],[2.9579,8.509],[3.2133,8.5076],[3.5321,8.5859],[3.4192,8.8621],[3.1636,8.8086],[2.9207,8.6119],[2.7564,8.5752]]]},"properties":{"name":"Saki West","state":"Oyo","db":["Saki West"]}},
{"type":"Feature","geometry":{"type":"Polygon","coordinates":[[[11.8527,7.3912],[12.0408,7.5736],[12.0436,7.7397],[12.2071,7.9683],[12.2564,8.2128],[12.0621,8.1863],[11.6963,8.3908],[11.7163,8.4652],[11.3415,8.0187],[11.4898,7.7998],[11.7727,7.6515],[11.8527,7.3912]]]},"properties":{"name":"Toungo","state":"Adamawa","db":["Toungo"]}},
{"type":"Feature","geometry":{"type":"Polygon","coordinates":[[[6.5735,4.7049],[6.7409,4.8252],[6.668,4.8885],[6.553,4.9725],[6.434,4.9303],[6.4611,4.7133],[6.5735,4.7049]]]},"properties":{"name":"Abua/Odual","state":"Rivers","db":["Abua-Odual"]}},
{"type":"Feature","geometry":{"type":"Polygon","coordinates":[[[6.4448,12.3671],[6.504,11.8935],[6.4023,11.7402],[6.4971,11.5918],[6.5677,11.6679],[6.5913,12.1989],[6.8269,12.0774],[6.8858,12.1052],[6.8984,12.2755],[6.8376,12.278],[6.5008,12.4465],[6.4448,12.3671]]]},"properties":{"name":"Bungudu","state":"Zamfara","db":["Bungudu"]}},
{"type":"Feature","geometry":{"type":"Polygon","coordinates":[[[12.0092,10.3471],[11.8398,10.304],[11.6868,10.1899],[11.7546,10.0916],[11.8358,10.0339],[11.9912,10.0353],[12.2127,10.2808],[12.2572,10.3598],[12.0092,10.3471]]]},"properties":{"name":"Shani","state":"Borno","db":["Shani"]}},
{"type":"Feature","geometry":{"type":"Polygon","coordinates":[[[5.2762,12.342],[5.2913,12.6225],[5.0852,12.7741],[4.8676,12.629],[5.122,12.4144],[5.1241,12.2858],[5.2762,12.342]]]},"properties":{"name":"Shagari","state":"Sokoto","db":["Shagari"]}},
{"type":"Feature","geometry":{"type":"Polygon","coordinates":[[[12.4296,13.073],[12.1168,13.1143],[11.8197,13.2731],[11.3336,13.3794],[11.445,13.0206],[11.6824,12.872],[11.8928,12.9221],[12.1075,12.8558],[12.4085,13.0235],[12.4296,13.073]]]},"properties":{"name":"Yunusari","state":"Yobe","db":["Yunusari"]}},
{"type":"Feature","geometry":{"type":"Polygon","coordinates":[[[11.7927,8.5645],[11.7163,8.4652],[11.6963,8.3908],[12.0621,8.1863],[12.2564,8.2128],[12.2633,8.4194],[12.0353,8.4659],[11.886,8.6458],[11.7927,8.5645]]]},"properties":{"name":"Ganye","state":"Adamawa","db":["Ganye"]}},
{"type":"Feature","geometry":{"type":"Polygon","coordinates":[[[11.886,8.6458],[12.0353,8.4659],[12.2633,8.4194],[12.6812,8.4672],[12.8787,8.7504],[12.844,8.9693],[12.6211,8.8189],[12.3097,8.8016],[12.1969,8.9155],[11.886,8.6458]]]},"properties":{"name":"Jada","state":"Adamawa","db":["Jada"]}},
{"type":"Feature","geometry":{"type":"Polygon","coordinates":[[[11.5311,8.6669],[11.3445,8.7188],[11.1104,8.6314],[11.0128,8.4775],[10.568,8.1471],[10.3317,8.1453],[10.2723,8.0669],[10.3282,8.0047],[10.3424,7.9595],[10.3156,7.6607],[10.4398,7.5002],[10.7554,7.6172],[10.7891,7.6396],[11.0778,7.9424],[11.3415,8.0187],[11.7163,8.4652],[11.7927,8.5645],[11.7576,8.6172],[11.5311,8.6669]]]},"properties":{"name":"Bali","state":"Taraba","db":["Bali"]}},
{"type":"Feature","geometry":{"type":"Polygon","coordinates":[[[12.0709,9.6261],[12.2273,9.6559],[12.2221,9.9263],[12.2127,10.2808],[11.9912,10.0353],[12.0029,9.721],[11.9008,9.6709],[11.96,9.5978],[12.0709,9.6261]]]},"properties":{"name":"Shelleng","state":"Adamawa","db":["Shelleng"]}},
{"type":"Feature","geometry":{"type":"Polygon","coordinates":[[[4.8549,6.4313],[4.868,6.5865],[4.7132,6.7334],[4.5825,6.6422],[4.6052,6.4922],[4.8549,6.4313]]]},"properties":{"name":"Okitipupa","state":"Ondo","db":["Okitipupa"]}},
{"type":"Feature","geometry":{"type":"Polygon","coordinates":[[[11.7639,10.7382],[11.5833,10.5939],[11.5435,10.3421],[11.6868,10.1899],[11.8398,10.304],[11.7121,10.5413],[11.839,10.6649],[11.7639,10.7382]]]},"properties":{"name":"Bayo","state":"Borno","db":["Bayo"]}},
{"type":"Feature","geometry":{"type":"Polygon","coordinates":[[[7.6979,4.5472],[7.7034,4.7135],[7.5865,4.6546],[7.5259,4.6637],[7.562,4.5139],[7.6979,4.5472]]]},"properties":{"name":"Ikot Abasi","state":"Akwa Ibom","db":["Ikot Abasi"]}},
{"type":"Feature","geometry":{"type":"Polygon","coordinates":[[[13.092,11.835],[13.1817,11.8104],[13.154,11.8986],[13.0912,11.9142],[13.092,11.835]]]},"properties":{"name":"Maiduguri","state":"Borno","db":["Maiduguri M. C."]}},
{"type":"Feature","geometry":{"type":"Polygon","coordinates":[[[12.2206,11.3588],[12.3735,11.5498],[12.1958,11.6575],[11.8487,11.6199],[11.6265,11.4216],[11.5589,11.2205],[11.9188,11.2218],[11.9989,10.9977],[12.1531,11.1196],[12.2206,11.3588]]]},"properties":{"name":"Gujba","state":"Yobe","db":["Gujba"]}},
{"type":"Feature","geometry":{"type":"Polygon","coordinates":[[[6.5301,6.7934],[6.4834,6.9253],[6.3793,6.8137],[6.2643,6.6484],[6.3386,6.6677],[6.5301,6.7934]]]},"properties":{"name":"Esan North-East","state":"Edo","db":["Esan North East"]}},
{"type":"Feature","geometry":{"type":"Polygon","coordinates":[[[9.8209,9.9115],[9.622,10.1774],[9.5183,10.1132],[9.6512,9.8816],[9.349,9.9021],[9.2721,9.8461],[9.1576,9.7408],[9.3142,9.5631],[9.4842,9.4752],[9.5767,9.5228],[9.4046,9.5916],[9.4837,9.7519],[9.8096,9.6777],[9.8078,9.58],[9.9726,9.6995],[9.8209,9.9115]]]},"properties":{"name":"Tafawa-Balewa","state":"Bauchi","db":["Tafawa Balewa"]}},
{"type":"Feature","geometry":{"type":"Polygon","coordinates":[[[10.9666,12.0848],[10.8219,11.9883],[10.8775,11.829],[10.9297,11.516],[11.0558,11.5969],[11.0343,11.7615],[11.2216,11.802],[11.1078,11.8374],[10.9666,12.0848]]]},"properties":{"name":"Nangere","state":"Yobe","db":["Nangere"]}},
{"type":"Feature","geometry":{"type":"Polygon","coordinates":[[[7.5464,5.0864],[7.4898,4.9603],[7.6038,5.0498],[7.5464,5.0864]]]},"properties":{"name":"Ika","state":"Akwa Ibom","db":["Ika"]}},
{"type":"Feature","geometry":{"type":"Polygon","coordinates":[[[10.8775,11.829],[10.6869,11.8093],[10.5571,11.6629],[10.6202,11.5598],[10.718,11.4279],[10.9344,11.4678],[10.9297,11.516],[10.8775,11.829]]]},"properties":{"name":"Dambam","state":"Bauchi","db":["Dambam"]}},
{"type":"Feature","geometry":{"type":"Polygon","coordinates":[[[10.2421,10.4419],[10.4943,10.6883],[10.5267,10.737],[10.3646,10.8667],[10.2852,11.1041],[9.9855,10.9582],[9.8578,11.0232],[9.6279,11.0524],[9.5633,10.8557],[9.4177,10.7874],[9.6612,10.6115],[10.0171,10.3802],[10.2421,10.4419]]]},"properties":{"name":"Ganjuwa","state":"Bauchi","db":["Ganjuwa"]}},
{"type":"Feature","geometry":{"type":"Polygon","coordinates":[[[13.4019,12.5468],[13.0828,12.7926],[12.8698,12.3081],[13.1357,12.3664],[13.1546,12.1893],[13.2247,12.1279],[13.2714,12.2518],[13.4019,12.5468]]]},"properties":{"name":"Nganzai","state":"Borno","db":["Nganzai"]}},
{"type":"Feature","geometry":{"type":"Polygon","coordinates":[[[6.5787,5.1772],[6.5534,5.1898],[6.4217,4.9816],[6.434,4.9303],[6.553,4.9725],[6.5787,5.1772]]]},"properties":{"name":"Ahoada West","state":"Rivers","db":["Ahoada West"]}},
{"type":"Feature","geometry":{"type":"Polygon","coordinates":[[[12.6484,9.562],[12.7583,9.6723],[13.0896,9.7093],[13.0544,10.0202],[12.7618,10.1395],[12.7164,10.0492],[12.3535,10.0187],[12.2221,9.9263],[12.2273,9.6559],[12.2721,9.5222],[12.3921,9.6076],[12.6484,9.562]]]},"properties":{"name":"Song","state":"Adamawa","db":["Song"]}},
{"type":"Feature","geometry":{"type":"Polygon","coordinates":[[[6.5755,6.4951],[6.5815,6.2912],[6.6452,6.1012],[6.7231,6.2656],[6.6689,6.5012],[6.5755,6.4951]]]},"properties":{"name":"Oshimili North","state":"Delta","db":["Oshimilinorth"]}},
{"type":"Feature","geometry":{"type":"Polygon","coordinates":[[[7.305,4.5935],[7.3319,4.7101],[7.234,4.6954],[7.2821,4.5601],[7.305,4.5935]]]},"properties":{"name":"Gokana","state":"Rivers","db":["Gokana"]}},
{"type":"Feature","geometry":{"type":"Polygon","coordinates":[[[5.7506,12.3239],[5.3116,12.3558],[5.3977,12.1968],[5.2708,11.78],[5.46,11.6731],[5.5141,11.6648],[5.8195,11.6484],[5.9129,11.6357],[5.9421,11.781],[5.7651,12.0344],[5.7496,12.2889],[5.7506,12.3239]]]},"properties":{"name":"Bukkuyum","state":"Zamfara","db":["Bukkuyum"]}},
{"type":"Feature","geometry":{"type":"Polygon","coordinates":[[[11.8487,11.6199],[12.1958,11.6575],[12.2741,11.9774],[12.2364,12.1373],[11.9776,11.9955],[11.7227,12.0139],[11.8487,11.6199]]]},"properties":{"name":"Damaturu","state":"Yobe","db":["Damaturu"]}},
{"type":"Feature","geometry":{"type":"Polygon","coordinates":[[[12.4992,12.7098],[12.4085,13.0235],[12.1075,12.8558],[11.8928,12.9221],[11.6824,12.872],[11.807,12.5958],[11.7331,12.5087],[11.9838,12.3995],[12.2832,12.4095],[12.4188,12.5244],[12.4992,12.7098]]]},"properties":{"name":"Geidam","state":"Yobe","db":["Geidam"]}},
{"type":"Feature","geometry":{"type":"Polygon","coordinates":[[[11.7227,12.0139],[11.9776,11.9955],[12.2364,12.1373],[12.2832,12.4095],[11.9838,12.3995],[11.7331,12.5087],[11.5215,12.4984],[11.3125,12.3908],[11.7227,12.0139]]]},"properties":{"name":"Tarmuwa","state":"Yobe","db":["Tarmuwa"]}},
{"type":"Feature","geometry":{"type":"Polygon","coordinates":[[[13.3362,10.8669],[13.3209,10.7441],[13.5596,10.6398],[13.7507,10.9141],[13.5773,10.9483],[13.3362,10.8669]]]},"properties":{"name":"Madagali","state":"Adamawa","db":["Madagali"]}},
{"type":"Feature","geometry":{"type":"Polygon","coordinates":[[[13.3209,10.7441],[13.2486,10.5111],[13.5318,10.4539],[13.5596,10.6398],[13.3209,10.7441]]]},"properties":{"name":"Michika","state":"Adamawa","db":["Michika"]}},
{"type":"Feature","geometry":{"type":"Polygon","coordinates":[[[13.4689,10.1861],[13.5318,10.4539],[13.2486,10.5111],[13.2345,10.4632],[13.2375,10.2203],[13.4689,10.1861]]]},"properties":{"name":"Mubi North","state":"Adamawa","db":["Mubi North"]}},
{"type":"Feature","geometry":{"type":"Polygon","coordinates":[[[6.1803,7.1128],[5.9094,7.2778],[5.8526,7.094],[5.9416,7.0698],[6.0448,6.7768],[6.1674,6.8238],[6.1803,7.1128]]]},"properties":{"name":"Owan East","state":"Edo","db":["Owan East"]}},
{"type":"Feature","geometry":{"type":"Polygon","coordinates":[[[13.2375,10.2203],[13.2345,10.4632],[12.7353,10.5761],[12.612,10.4484],[12.7841,10.2992],[12.7618,10.1395],[13.0544,10.0202],[13.1219,10.2243],[13.2375,10.2203]]]},"properties":{"name":"Hong","state":"Adamawa","db":["Hong"]}},
{"type":"Feature","geometry":{"type":"Polygon","coordinates":[[[8.5345,11.9895],[8.5954,11.9619],[8.5988,11.9703],[8.589,12.0343],[8.5509,12.0531],[8.5351,11.9911],[8.5345,11.9895]]]},"properties":{"name":"Nassarawa","state":"Kano","db":["Nasarawa"]}},
{"type":"Feature","geometry":{"type":"Polygon","coordinates":[[[6.8894,11.3836],[7.1616,11.1309],[7.1948,11.2576],[7.1078,11.5509],[6.9011,11.4918],[6.8894,11.3836]]]},"properties":{"name":"Sabuwa","state":"Katsina","db":["Sabuwa"]}},
{"type":"Feature","geometry":{"type":"Polygon","coordinates":[[[7.6694,6.0636],[7.7074,5.9334],[7.7274,5.9077],[7.8531,5.9676],[7.9141,5.9755],[7.7262,6.1149],[7.6694,6.0636]]]},"properties":{"name":"Ohaozara","state":"Ebonyi","db":["Ohaozara"]}},
{"type":"Feature","geometry":{"type":"Polygon","coordinates":[[[6.5008,12.4465],[6.8376,12.278],[6.7011,12.3964],[6.7432,12.5871],[6.55,12.678],[6.5008,12.4465]]]},"properties":{"name":"Kaura Namoda","state":"Zamfara","db":["Kaura Namoda"]}},
{"type":"Feature","geometry":{"type":"Polygon","coordinates":[[[8.2506,12.8799],[8.1721,13.0128],[8.161,13.0385],[8.0639,12.9396],[8.1083,12.8048],[8.1416,12.811],[8.2421,12.8261],[8.2506,12.8799]]]},"properties":{"name":"Dutsi","state":"Katsina","db":["Dutsi"]}},
{"type":"Feature","geometry":{"type":"Polygon","coordinates":[[[8.2821,11.8213],[8.1419,11.9932],[8.1228,12.012],[8.0296,11.9791],[8.0768,11.8798],[8.1411,11.7902],[8.2563,11.789],[8.2821,11.8213]]]},"properties":{"name":"Kabo","state":"Kano","db":["Kabo"]}},
{"type":"Feature","geometry":{"type":"Polygon","coordinates":[[[7.1948,11.2576],[7.2896,11.2843],[7.309,11.4583],[7.1767,11.5763],[7.1078,11.5509],[7.1948,11.2576]]]},"properties":{"name":"Dandume","state":"Katsina","db":["Dandume"]}},
{"type":"Feature","geometry":{"type":"Polygon","coordinates":[[[8.3877,12.0222],[8.5075,12.1315],[8.5149,12.257],[8.4842,12.2605],[8.2154,12.142],[8.2508,12.12],[8.3877,12.0222]]]},"properties":{"name":"Dawakin Tofa","state":"Kano","db":["Dawaki Tofa"]}},
{"type":"Feature","geometry":{"type":"Polygon","coordinates":[[[8.5988,11.9703],[8.6319,11.9624],[8.8383,11.974],[8.7192,12.1559],[8.6374,12.0987],[8.589,12.0343],[8.5988,11.9703]]]},"properties":{"name":"Gezawa","state":"Kano","db":["Gezawa"]}},
{"type":"Feature","geometry":{"type":"Polygon","coordinates":[[[5.0852,12.7741],[5.2913,12.6225],[5.3743,12.6854],[5.1982,12.9489],[5.0579,12.9337],[5.0852,12.7741]]]},"properties":{"name":"Bodinga","state":"Sokoto","db":["Bodinga"]}},
{"type":"Feature","geometry":{"type":"Polygon","coordinates":[[[6.55,12.678],[6.7432,12.5871],[6.989,12.6734],[7.043,12.7196],[7.0607,12.7398],[7.0513,12.9955],[6.7928,13.1323],[6.6068,13.0466],[6.405,12.9477],[6.55,12.678]]]},"properties":{"name":"Zurmi","state":"Zamfara","db":["Zurmi"]}},
{"type":"Feature","geometry":{"type":"Polygon","coordinates":[[[8.8636,11.9614],[8.8383,11.974],[8.6319,11.9624],[8.6317,11.937],[8.8207,11.7982],[8.8639,11.9118],[8.8636,11.9614]]]},"properties":{"name":"Warawa","state":"Kano","db":["Warawa"]}},
{"type":"Feature","geometry":{"type":"Polygon","coordinates":[[[5.071,13.173],[5.1347,13.2496],[5.184,13.52],[5.1584,13.7432],[4.8014,13.7687],[4.7281,13.3509],[5.071,13.173]]]},"properties":{"name":"Tangaza","state":"Sokoto","db":["Tangaza"]}},
{"type":"Feature","geometry":{"type":"Polygon","coordinates":[[[9.662,12.8338],[9.3348,12.823],[9.3496,12.6821],[9.4758,12.5925],[9.6641,12.5627],[9.7994,12.6548],[9.6807,12.8209],[9.662,12.8338]]]},"properties":{"name":"Maigatari","state":"Jigawa","db":["Maigatari"]}},
{"type":"Feature","geometry":{"type":"Polygon","coordinates":[[[7.7507,11.3714],[7.6952,11.4315],[7.5072,11.4903],[7.4008,11.5269],[7.39,11.3702],[7.6187,11.2777],[7.7507,11.3714]]]},"properties":{"name":"Danja","state":"Katsina","db":["Danja"]}},
{"type":"Feature","geometry":{"type":"Polygon","coordinates":[[[8.5509,12.0531],[8.4663,12.0655],[8.5221,12.0112],[8.5351,11.9911],[8.5509,12.0531]]]},"properties":{"name":"Fagge","state":"Kano","db":["Fagge"]}},
{"type":"Feature","geometry":{"type":"Polygon","coordinates":[[[7.0607,12.7398],[7.1057,12.9329],[7.245,13.0211],[7.4158,12.8938],[7.5558,12.9766],[7.6005,13.0615],[7.6147,13.2363],[7.3797,13.0997],[7.2189,13.1256],[7.0513,12.9955],[7.0607,12.7398]]]},"properties":{"name":"Jibia","state":"Katsina","db":["Jibia"]}},
{"type":"Feature","geometry":{"type":"Polygon","coordinates":[[[7.1222,4.7021],[7.1897,4.7412],[7.1847,4.8075],[7.1065,4.8512],[7.0736,4.8166],[7.1222,4.7021]]]},"properties":{"name":"Eleme","state":"Rivers","db":["Eleme"]}},
{"type":"Feature","geometry":{"type":"Polygon","coordinates":[[[8.4331,11.4225],[8.4338,11.5768],[8.3317,11.7274],[8.273,11.7243],[8.2016,11.4803],[8.3013,11.3467],[8.4331,11.4225]]]},"properties":{"name":"Bebeji","state":"Kano","db":["Bebeji"]}},
{"type":"Feature","geometry":{"type":"Polygon","coordinates":[[[8.6146,11.3496],[8.6721,11.6345],[8.4626,11.5569],[8.4338,11.5768],[8.4331,11.4225],[8.6146,11.3496]]]},"properties":{"name":"Rano","state":"Kano","db":["Rano"]}},
{"type":"Feature","geometry":{"type":"Polygon","coordinates":[[[8.5345,11.9895],[8.5305,11.9672],[8.5954,11.9619],[8.5345,11.9895]]]},"properties":{"name":"Tarauni","state":"Kano","db":["Tarauni"]}},
{"type":"Feature","geometry":{"type":"Polygon","coordinates":[[[7.876,4.6764],[7.8923,4.7136],[7.8753,4.798],[7.8238,4.958],[7.8014,4.8838],[7.8028,4.7211],[7.876,4.6764]]]},"properties":{"name":"Etinan","state":"Akwa Ibom","db":["Etinan"]}},
{"type":"Feature","geometry":{"type":"Polygon","coordinates":[[[3.0817,6.762],[3.0582,6.8304],[3.0517,6.945],[2.8267,6.8161],[2.8872,6.5673],[3.0817,6.762]]]},"properties":{"name":"Yewa South","state":"Ogun","db":["Egbado South"]}},
{"type":"Feature","geometry":{"type":"Polygon","coordinates":[[[4.4516,12.8548],[4.1735,12.6558],[4.4474,12.5594],[4.5671,12.6679],[4.7575,12.637],[4.7304,12.7021],[4.4516,12.8548]]]},"properties":{"name":"Argungu","state":"Kebbi","db":["Argungu"]}},
{"type":"Feature","geometry":{"type":"Polygon","coordinates":[[[8.3013,11.3467],[8.2016,11.4803],[8.273,11.7243],[8.2563,11.789],[8.1411,11.7902],[7.9539,11.6553],[8.0358,11.4934],[8.2644,11.3132],[8.3013,11.3467]]]},"properties":{"name":"Kiru","state":"Kano","db":["Kiru"]}},
{"type":"Feature","geometry":{"type":"Polygon","coordinates":[[[7.4158,12.8938],[7.4126,12.8634],[7.5335,12.6963],[7.581,12.721],[7.7266,13.0367],[7.6896,13.024],[7.5558,12.9766],[7.4158,12.8938]]]},"properties":{"name":"Batagarawa","state":"Katsina","db":["Batagarawa"]}},
{"type":"Feature","geometry":{"type":"Polygon","coordinates":[[[5.9278,5.1607],[5.7284,5.3283],[5.8814,5.1095],[5.9278,5.1607]]]},"properties":{"name":"Bomadi","state":"Delta","db":["Bomadi"]}},
{"type":"Feature","geometry":{"type":"Polygon","coordinates":[[[11.839,10.6649],[11.7121,10.5413],[11.8398,10.304],[12.0092,10.3471],[11.9678,10.5839],[11.839,10.6649]]]},"properties":{"name":"Kwaya Kusar","state":"Borno","db":["Kwaya / Kusar"]}},
{"type":"Feature","geometry":{"type":"Polygon","coordinates":[[[7.3017,6.7367],[7.2976,6.6787],[7.4264,6.6127],[7.5538,6.5936],[7.5981,6.6559],[7.3017,6.7367]]]},"properties":{"name":"Igbo-Etiti","state":"Enugu","db":["Igbo Etiti"]}},
{"type":"Feature","geometry":{"type":"Polygon","coordinates":[[[8.7832,10.597],[8.7662,10.8511],[8.7667,10.9417],[8.6433,11.14],[8.5187,11.1623],[8.506,11.1322],[8.6073,11.0712],[8.5716,10.7483],[8.4812,10.7159],[8.7832,10.597]]]},"properties":{"name":"Doguwa","state":"Kano","db":["Doguwa"]}},
{"type":"Feature","geometry":{"type":"MultiPolygon","coordinates":[[[[11.1961,12.5197],[11.0462,12.7879],[11.0468,12.4917],[11.1961,12.5197]]],[[[11.0348,12.8101],[11.0861,12.9202],[10.7698,12.8882],[10.559,12.8055],[10.5888,12.6422],[10.744,12.7911],[11.0348,12.8101]]]]},"properties":{"name":"Bade","state":"Yobe","db":["Bade"]}},
{"type":"Feature","geometry":{"type":"Polygon","coordinates":[[[7.9349,5.0768],[8.0839,5.1255],[7.9798,5.2072],[7.877,5.045],[7.9349,5.0768]]]},"properties":{"name":"Itu","state":"Akwa Ibom","db":["Itu"]}},
{"type":"Feature","geometry":{"type":"Polygon","coordinates":[[[13.7864,11.7493],[13.5855,11.6507],[13.594,11.4346],[14.0036,11.2833],[14.1886,11.2442],[14.4993,11.4351],[14.2345,11.621],[14.265,11.7865],[13.7864,11.7493]]]},"properties":{"name":"Bama","state":"Borno","db":["Bama"]}},
{"type":"Feature","geometry":{"type":"Polygon","coordinates":[[[5.9818,13.7127],[5.53,13.8857],[5.4199,13.8597],[5.5247,13.5648],[5.5587,13.4939],[5.6893,13.6013],[5.9154,13.565],[5.9818,13.7127]]]},"properties":{"name":"Gada","state":"Sokoto","db":["Gada"]}},
{"type":"Feature","geometry":{"type":"MultiPolygon","coordinates":[[[[6.4971,11.5918],[6.7137,11.594],[6.6648,11.8954],[6.8269,12.0774],[6.5913,12.1989],[6.5677,11.6679],[6.4971,11.5918]]],[[[7.0659,12.4317],[6.8984,12.2755],[6.8858,12.1052],[7.1172,12.094],[7.0659,12.4317]]]]},"properties":{"name":"Gusau","state":"Zamfara","db":["Gusau"]}},
{"type":"Feature","geometry":{"type":"Polygon","coordinates":[[[3.3794,6.4662],[3.3998,6.524],[3.3675,6.5244],[3.3655,6.5173],[3.3645,6.4762],[3.3794,6.4662]]]},"properties":{"name":"Lagos Mainland","state":"Lagos","db":["Lagos Mainland"]}},
{"type":"Feature","geometry":{"type":"Polygon","coordinates":[[[7.8197,13.3523],[7.6147,13.2363],[7.6005,13.0615],[7.6896,13.024],[7.7266,13.0367],[7.8425,13.0822],[7.8639,13.0901],[7.8197,13.3523]]]},"properties":{"name":"Kaita","state":"Katsina","db":["Kaita"]}},
{"type":"Feature","geometry":{"type":"Polygon","coordinates":[[[8.5075,12.1315],[8.6374,12.0987],[8.7192,12.1559],[8.7326,12.2688],[8.598,12.26],[8.5149,12.257],[8.5075,12.1315]]]},"properties":{"name":"Minjibir","state":"Kano","db":["Minjibir"]}},
{"type":"Feature","geometry":{"type":"Polygon","coordinates":[[[7.807,5.2893],[7.8422,5.3358],[7.8804,5.3668],[7.7341,5.5178],[7.6581,5.4462],[7.6667,5.3469],[7.7208,5.2969],[7.807,5.2893]]]},"properties":{"name":"Ini","state":"Akwa Ibom","db":["Ini"]}},
{"type":"Feature","geometry":{"type":"Polygon","coordinates":[[[5.8863,12.3139],[5.9097,12.1412],[6.1144,12.1323],[6.2834,12.4084],[6.1481,12.4781],[6.1053,12.6729],[5.9031,12.448],[5.8863,12.3139]]]},"properties":{"name":"Talata Mafara","state":"Zamfara","db":["Talata Mafara"]}},
{"type":"Feature","geometry":{"type":"Polygon","coordinates":[[[4.4749,12.4064],[4.5485,12.3015],[4.8031,12.4852],[4.7575,12.637],[4.5671,12.6679],[4.4474,12.5594],[4.4749,12.4064]]]},"properties":{"name":"Gwandu","state":"Kebbi","db":["Gwandu"]}},
{"type":"Feature","geometry":{"type":"Polygon","coordinates":[[[6.8984,12.2755],[7.0659,12.4317],[6.989,12.6734],[6.7432,12.5871],[6.7011,12.3964],[6.8376,12.278],[6.8984,12.2755]]]},"properties":{"name":"Birnin Magaji-Kiyaw","state":"Zamfara","db":["Birnin Magaji"]}},
{"type":"Feature","geometry":{"type":"Polygon","coordinates":[[[7.8656,12.0214],[8.0296,11.9791],[8.1228,12.012],[7.9992,12.1629],[7.8764,12.2352],[7.8632,12.2326],[7.8656,12.0214]]]},"properties":{"name":"Shanono","state":"Kano","db":["Shanono"]}},
{"type":"Feature","geometry":{"type":"Polygon","coordinates":[[[7.8055,11.3717],[7.9565,11.4674],[8.0358,11.4934],[7.9539,11.6553],[7.901,11.6496],[7.7669,11.6286],[7.6952,11.4315],[7.7507,11.3714],[7.8055,11.3717]]]},"properties":{"name":"Rogo","state":"Kano","db":["Rogo"]}},
{"type":"Feature","geometry":{"type":"Polygon","coordinates":[[[7.043,12.7196],[7.3692,12.6804],[7.4126,12.8634],[7.4158,12.8938],[7.245,13.0211],[7.1057,12.9329],[7.0607,12.7398],[7.043,12.7196]]]},"properties":{"name":"Batsari","state":"Katsina","db":["Batsari"]}},
{"type":"Feature","geometry":{"type":"Polygon","coordinates":[[[8.0029,4.6021],[8.0343,4.6821],[7.8923,4.7136],[7.876,4.6764],[7.902,4.5647],[8.0029,4.6021]]]},"properties":{"name":"Eket","state":"Akwa Ibom","db":["Eket"]}},
{"type":"Feature","geometry":{"type":"Polygon","coordinates":[[[8.1959,4.9544],[8.1613,4.9693],[8.0998,4.8842],[8.052,4.7498],[8.0622,4.6978],[8.0991,4.6958],[8.1807,4.7921],[8.1959,4.9544]]]},"properties":{"name":"Okobo","state":"Akwa Ibom","db":["Okobo"]}},
{"type":"Feature","geometry":{"type":"Polygon","coordinates":[[[8.5351,11.9911],[8.5221,12.0112],[8.5087,12.0003],[8.5109,11.9593],[8.5305,11.9672],[8.5345,11.9895],[8.5351,11.9911]]]},"properties":{"name":"Kano Municipal","state":"Kano","db":["Kano Municipal"]}},
{"type":"Feature","geometry":{"type":"Polygon","coordinates":[[[11.3125,12.3908],[11.5215,12.4984],[11.7331,12.5087],[11.807,12.5958],[11.6824,12.872],[11.445,13.0206],[11.2061,12.9656],[11.0861,12.9202],[11.0348,12.8101],[11.0462,12.7879],[11.1961,12.5197],[11.2256,12.3478],[11.3125,12.3908]]]},"properties":{"name":"Bursari","state":"Yobe","db":["Bursari"]}},
{"type":"Feature","geometry":{"type":"Polygon","coordinates":[[[4.5508,11.8919],[4.383,11.987],[4.3846,12.1374],[4.2445,12.3069],[4.1596,12.2504],[4.1054,12.0739],[4.2917,11.9],[4.3006,11.7329],[4.3688,11.747],[4.5508,11.8919]]]},"properties":{"name":"Maiyama","state":"Kebbi","db":["Maiyama"]}},
{"type":"Feature","geometry":{"type":"Polygon","coordinates":[[[3.403,6.4393],[3.4041,6.4584],[3.3815,6.4635],[3.403,6.4393]]]},"properties":{"name":"Lagos Island","state":"Lagos","db":["Lagos Island"]}},
{"type":"Feature","geometry":{"type":"Polygon","coordinates":[[[8.5097,11.8461],[8.5017,11.8643],[8.4068,11.9057],[8.2821,11.8213],[8.2563,11.789],[8.273,11.7243],[8.3317,11.7274],[8.379,11.7577],[8.5097,11.8461]]]},"properties":{"name":"Madobi","state":"Kano","db":["Madobi"]}},
{"type":"Feature","geometry":{"type":"Polygon","coordinates":[[[9.7698,12.1259],[9.8597,12.223],[9.8203,12.3054],[9.6078,12.328],[9.5317,12.2083],[9.7698,12.1259]]]},"properties":{"name":"Miga","state":"Jigawa","db":["Miga"]}},
{"type":"Feature","geometry":{"type":"Polygon","coordinates":[[[7.581,12.721],[7.7881,12.7085],[7.797,12.8261],[7.8425,13.0822],[7.7266,13.0367],[7.581,12.721]]]},"properties":{"name":"Rimi","state":"Katsina","db":["Rimi"]}},
{"type":"Feature","geometry":{"type":"Polygon","coordinates":[[[8.9457,12.0723],[8.9099,12.301],[8.7235,12.2948],[8.7326,12.2688],[8.7192,12.1559],[8.8383,11.974],[8.8636,11.9614],[8.9457,12.0723]]]},"properties":{"name":"Gabasawa","state":"Kano","db":["Gabasawa"]}},
{"type":"Feature","geometry":{"type":"Polygon","coordinates":[[[4.3605,12.3371],[4.5303,12.2396],[4.5485,12.3015],[4.4749,12.4064],[4.3605,12.3371]]]},"properties":{"name":"Aleiro","state":"Kebbi","db":["Aliero"]}},
{"type":"Feature","geometry":{"type":"Polygon","coordinates":[[[8.589,12.0343],[8.6374,12.0987],[8.5075,12.1315],[8.3877,12.0222],[8.4028,11.9475],[8.4444,11.9714],[8.469,12.0239],[8.4663,12.0655],[8.5509,12.0531],[8.589,12.0343]]]},"properties":{"name":"Ungogo","state":"Kano","db":["Ungogo"]}},
{"type":"Feature","geometry":{"type":"Polygon","coordinates":[[[5.1241,12.2858],[5.122,12.4144],[4.8676,12.629],[4.7503,12.7509],[4.7304,12.7021],[4.7575,12.637],[4.8031,12.4852],[4.5485,12.3015],[4.5303,12.2396],[4.5882,12.0388],[4.7032,12.2254],[4.875,12.2297],[5.1241,12.2858]]]},"properties":{"name":"Tambuwal","state":"Sokoto","db":["Tambuwal"]}},
{"type":"Feature","geometry":{"type":"Polygon","coordinates":[[[4.5882,12.0388],[4.5303,12.2396],[4.3605,12.3371],[4.2355,12.332],[4.2445,12.3069],[4.3846,12.1374],[4.383,11.987],[4.5508,11.8919],[4.5882,12.0388]]]},"properties":{"name":"Jega","state":"Kebbi","db":["Jega"]}},
{"type":"Feature","geometry":{"type":"Polygon","coordinates":[[[7.5558,12.9766],[7.6896,13.024],[7.6005,13.0615],[7.5558,12.9766]]]},"properties":{"name":"Katsina","state":"Katsina","db":["Katsina"]}},
{"type":"Feature","geometry":{"type":"Polygon","coordinates":[[[8.6183,11.7524],[8.7678,11.7593],[8.8207,11.7982],[8.6317,11.937],[8.5017,11.8643],[8.5097,11.8461],[8.6183,11.7524]]]},"properties":{"name":"Dawakin Kudu","state":"Kano","db":["Dawaki Kudu"]}},
{"type":"Feature","geometry":{"type":"Polygon","coordinates":[[[4.5547,13.1114],[4.4975,13.16],[4.1264,13.2497],[4.105,12.9964],[3.9528,12.7489],[3.6727,12.5519],[3.6284,12.1253],[3.7645,12.0992],[3.8796,12.4267],[4.054,12.5562],[4.1735,12.6558],[4.4516,12.8548],[4.5547,13.1114]]]},"properties":{"name":"Arewa Dandi","state":"Kebbi","db":["Arewa","Dandi"]}},
{"type":"Feature","geometry":{"type":"Polygon","coordinates":[[[7.6038,5.0498],[7.4898,4.9603],[7.4907,4.8651],[7.7181,4.9911],[7.6849,5.0438],[7.6038,5.0498]]]},"properties":{"name":"Etim Ekpo","state":"Akwa Ibom","db":["Etim Ekpo"]}},
{"type":"Feature","geometry":{"type":"Polygon","coordinates":[[[9.3274,11.5771],[9.1574,11.7192],[8.9177,11.718],[8.9312,11.6138],[9.0312,11.5561],[9.3274,11.5771]]]},"properties":{"name":"Albasu","state":"Kano","db":["Albasu"]}},
{"type":"Feature","geometry":{"type":"Polygon","coordinates":[[[13.9563,12.1664],[14.045,12.6111],[14.1725,12.6783],[14.1525,12.7703],[13.774,12.548],[13.6749,12.3454],[13.4703,12.257],[13.9098,12.1212],[13.9563,12.1664]]]},"properties":{"name":"Marte","state":"Borno","db":["Marte"]}},
{"type":"Feature","geometry":{"type":"Polygon","coordinates":[[[8.5954,11.9619],[8.5305,11.9672],[8.5109,11.9593],[8.4444,11.9714],[8.4028,11.9475],[8.4045,11.9308],[8.4068,11.9057],[8.5017,11.8643],[8.6317,11.937],[8.6319,11.9624],[8.5988,11.9703],[8.5954,11.9619]]]},"properties":{"name":"Kumbotso","state":"Kano","db":["Kumbotso"]}},
{"type":"Feature","geometry":{"type":"Polygon","coordinates":[[[8.3441,12.6529],[8.4584,12.5869],[8.532,12.6007],[8.6407,12.593],[8.7011,12.687],[8.6686,12.7195],[8.4027,12.7059],[8.3441,12.6529]]]},"properties":{"name":"Kazaure","state":"Jigawa","db":["Kazaure"]}},
{"type":"Feature","geometry":{"type":"Polygon","coordinates":[[[7.5712,11.9621],[7.4054,11.8073],[7.5317,11.6574],[7.7111,11.8521],[7.853,11.8243],[7.8656,12.0214],[7.5712,11.9621]]]},"properties":{"name":"Malumfashi","state":"Katsina","db":["Malufashi"]}},
{"type":"Feature","geometry":{"type":"Polygon","coordinates":[[[7.4693,6.4168],[7.4418,6.4762],[7.4264,6.6127],[7.2976,6.6787],[7.2358,6.5733],[7.3609,6.3556],[7.29,6.2783],[7.3646,6.2137],[7.4321,6.3115],[7.461,6.3793],[7.4693,6.4168]]]},"properties":{"name":"Udi","state":"Enugu","db":["Udi"]}},
{"type":"Feature","geometry":{"type":"Polygon","coordinates":[[[9.202,11.9047],[9.1574,11.7192],[9.3274,11.5771],[9.3603,11.5608],[9.481,11.6136],[9.3629,11.7861],[9.4537,11.9129],[9.3193,12.0569],[9.223,11.9896],[9.202,11.9047]]]},"properties":{"name":"Dutse","state":"Jigawa","db":["Dutse"]}},
{"type":"Feature","geometry":{"type":"Polygon","coordinates":[[[9.6259,11.2367],[9.8249,11.2796],[9.8578,11.0232],[9.9855,10.9582],[10.2852,11.1041],[10.3659,11.2048],[10.3335,11.2057],[10.1457,11.241],[9.9985,11.2646],[9.788,11.4633],[9.6459,11.3562],[9.6259,11.2367]]]},"properties":{"name":"Gwaram","state":"Jigawa","db":["Gwaram"]}},
{"type":"Feature","geometry":{"type":"Polygon","coordinates":[[[8.3118,9.6124],[8.5011,9.7409],[8.4342,9.994],[8.4343,9.998],[8.266,10.0314],[8.1171,10.2885],[7.9519,10.1312],[8.087,9.8611],[8.1167,9.625],[8.1648,9.5511],[8.3118,9.6124]]]},"properties":{"name":"Zangon Kataf","state":"Kaduna","db":["Zangon Kataf"]}},
{"type":"Feature","geometry":{"type":"Polygon","coordinates":[[[9.6397,11.733],[9.8987,11.9381],[9.81,11.9645],[9.4537,11.9129],[9.3629,11.7861],[9.481,11.6136],[9.6397,11.733]]]},"properties":{"name":"Kiyawa","state":"Jigawa","db":["Kiyawa"]}},
{"type":"Feature","geometry":{"type":"Polygon","coordinates":[[[10.1675,12.0592],[10.3373,11.8561],[10.4596,11.9066],[10.4109,12.3055],[10.7643,12.3696],[10.5982,12.522],[10.3632,12.4521],[10.225,12.4339],[10.195,12.3281],[10.1675,12.0592]]]},"properties":{"name":"Zaki","state":"Bauchi","db":["Zaki"]}},
{"type":"Feature","geometry":{"type":"Polygon","coordinates":[[[7.578,4.4961],[7.5326,4.5259],[7.5294,4.5961],[7.4765,4.5844],[7.4741,4.4958],[7.578,4.4961]]]},"properties":{"name":"Opobo/Nkoro","state":"Rivers","db":["Opobo/Nekoro"]}},
{"type":"Feature","geometry":{"type":"Polygon","coordinates":[[[10.1457,11.241],[10.1797,11.5685],[10.0748,11.6839],[9.8196,11.5799],[9.788,11.4633],[9.9985,11.2646],[10.1457,11.241]]]},"properties":{"name":"Shira","state":"Bauchi","db":["Shira"]}},
{"type":"Feature","geometry":{"type":"Polygon","coordinates":[[[9.5183,10.1132],[9.349,9.9021],[9.6512,9.8816],[9.5183,10.1132]]]},"properties":{"name":"Dass","state":"Bauchi","db":["Dass"]}},
{"type":"Feature","geometry":{"type":"Polygon","coordinates":[[[7.5399,6.4545],[7.4418,6.4762],[7.4693,6.4168],[7.5399,6.4545]]]},"properties":{"name":"Enugu North","state":"Enugu","db":["Enugu North"]}},
{"type":"Feature","geometry":{"type":"Polygon","coordinates":[[[9.6459,11.3562],[9.788,11.4633],[9.8196,11.5799],[9.8278,11.6923],[9.6644,11.7268],[9.6459,11.3562]]]},"properties":{"name":"Buji","state":"Jigawa","db":["Buji"]}},
{"type":"Feature","geometry":{"type":"Polygon","coordinates":[[[7.7181,4.9911],[7.4907,4.8651],[7.4951,4.8283],[7.5118,4.7931],[7.7577,4.9986],[7.7181,4.9911]]]},"properties":{"name":"Ukanafun","state":"Akwa Ibom","db":["Ukanafun"]}},
{"type":"Feature","geometry":{"type":"Polygon","coordinates":[[[6.408,8.603],[6.5357,8.6279],[6.5985,8.8537],[6.5353,9.2209],[6.488,9.2964],[6.3279,9.2352],[6.2645,9.0294],[6.3153,8.7189],[6.408,8.603]]]},"properties":{"name":"Agaie","state":"Niger","db":["Agaie"]}},
{"type":"Feature","geometry":{"type":"Polygon","coordinates":[[[8.1419,11.9932],[8.2471,12.0215],[8.2508,12.12],[8.2154,12.142],[8.1193,12.2049],[7.9992,12.1629],[8.1228,12.012],[8.1419,11.9932]]]},"properties":{"name":"Bagwai","state":"Kano","db":["Bagwai"]}},
{"type":"Feature","geometry":{"type":"Polygon","coordinates":[[[7.9519,10.1312],[8.1171,10.2885],[7.8697,10.5267],[7.7297,10.4775],[7.5965,10.3947],[7.5106,10.1947],[7.7481,9.978],[7.9519,10.1312]]]},"properties":{"name":"Kajuru","state":"Kaduna","db":["Kajuru"]}},
{"type":"Feature","geometry":{"type":"Polygon","coordinates":[[[6.2085,8.7324],[6.3153,8.7189],[6.2645,9.0294],[6.3279,9.2352],[6.488,9.2964],[6.477,9.4411],[6.2012,9.4618],[6.1258,9.078],[6.1134,8.9289],[6.1272,8.7533],[6.2085,8.7324]]]},"properties":{"name":"Katcha","state":"Niger","db":["Katcha"]}},
{"type":"Feature","geometry":{"type":"Polygon","coordinates":[[[7.6952,11.4315],[7.7669,11.6286],[7.901,11.6496],[7.8575,11.7949],[7.853,11.8243],[7.7111,11.8521],[7.5317,11.6574],[7.5072,11.4903],[7.6952,11.4315]]]},"properties":{"name":"Kafur","state":"Katsina","db":["Kafur"]}},
{"type":"Feature","geometry":{"type":"MultiPolygon","coordinates":[[[[5.8679,11.1069],[6.0159,11.138],[6.1357,11.2954],[6.0095,11.4626],[5.8268,11.4443],[5.8195,11.6484],[5.5141,11.6648],[5.4138,11.4019],[5.8679,11.1069]]],[[[4.941,11.7308],[4.9344,11.7221],[5.1396,11.5049],[5.3694,11.5513],[5.46,11.6731],[5.2708,11.78],[4.941,11.7308]]]]},"properties":{"name":"Wasagu-Danko","state":"Kebbi","db":["Wasagu/Danko"]}},
{"type":"Feature","geometry":{"type":"Polygon","coordinates":[[[6.1258,9.078],[5.8374,9.1316],[5.8381,8.9677],[6.1134,8.9289],[6.1258,9.078]]]},"properties":{"name":"Bida","state":"Niger","db":["Bida"]}},
{"type":"Feature","geometry":{"type":"Polygon","coordinates":[[[10.8553,10.2408],[10.8351,10.3951],[10.4943,10.6883],[10.2421,10.4419],[10.28,10.2801],[10.8553,10.2408]]]},"properties":{"name":"Kirfi","state":"Bauchi","db":["Kirfi"]}},
{"type":"Feature","geometry":{"type":"Polygon","coordinates":[[[3.7645,12.0992],[3.6284,12.1253],[3.6275,11.7088],[3.8114,11.5877],[3.9835,11.6657],[3.9948,11.9992],[3.7645,12.0992]]]},"properties":{"name":"Dandi","state":"Kebbi","db":["Dandi"]}},
{"type":"Feature","geometry":{"type":"Polygon","coordinates":[[[3.8114,11.5877],[3.6275,11.7088],[3.5109,11.67],[3.4856,11.3134],[3.731,11.087],[3.77,10.9197],[3.993,11.0165],[4.3141,10.9499],[4.3377,11.1815],[4.2451,11.3546],[4.3939,11.5578],[4.2288,11.6598],[3.9893,11.5005],[3.8114,11.5877]]]},"properties":{"name":"Bagudu","state":"Kebbi","db":["Bagudo"]}},
{"type":"Feature","geometry":{"type":"Polygon","coordinates":[[[7.4943,12.0855],[7.1303,12.0684],[7.2466,11.9326],[7.3022,11.8621],[7.4054,11.8073],[7.5712,11.9621],[7.4943,12.0855]]]},"properties":{"name":"Kankara","state":"Katsina","db":["Kankara"]}},
{"type":"Feature","geometry":{"type":"Polygon","coordinates":[[[9.6644,11.7268],[9.8278,11.6923],[9.9746,11.7474],[10.2464,11.7388],[10.4083,11.8659],[10.4596,11.9066],[10.3373,11.8561],[10.1675,12.0592],[9.8987,11.9381],[9.6397,11.733],[9.6644,11.7268]]]},"properties":{"name":"Itas/Gadau","state":"Bauchi","db":["Itas/Gadau"]}},
{"type":"Feature","geometry":{"type":"Polygon","coordinates":[[[3.3645,6.4762],[3.3388,6.4746],[3.3371,6.4381],[3.3596,6.3977],[3.3771,6.398],[3.403,6.4393],[3.3815,6.4635],[3.3794,6.4662],[3.3645,6.4762]]]},"properties":{"name":"Apapa","state":"Lagos","db":["Apapa"]}},
{"type":"Feature","geometry":{"type":"Polygon","coordinates":[[[4.9113,6.958],[4.9881,6.8987],[5.0033,7.2002],[4.8799,7.1037],[4.9113,6.958]]]},"properties":{"name":"Ondo East","state":"Ondo","db":["Ondo East"]}},
{"type":"Feature","geometry":{"type":"Polygon","coordinates":[[[9.6154,11.2403],[9.6279,11.0524],[9.8578,11.0232],[9.8249,11.2796],[9.6259,11.2367],[9.6154,11.2403]]]},"properties":{"name":"Warji","state":"Bauchi","db":["Warji"]}},
{"type":"Feature","geometry":{"type":"Polygon","coordinates":[[[10.5571,11.6629],[10.4083,11.8659],[10.2464,11.7388],[9.9746,11.7474],[10.0748,11.6839],[10.1797,11.5685],[10.356,11.5095],[10.6202,11.5598],[10.5571,11.6629]]]},"properties":{"name":"Katagum","state":"Bauchi","db":["Katagum"]}},
{"type":"Feature","geometry":{"type":"Polygon","coordinates":[[[7.8639,13.0901],[7.8425,13.0822],[7.797,12.8261],[7.9632,12.731],[8.1083,12.8048],[8.0639,12.9396],[7.8639,13.0901]]]},"properties":{"name":"Mani","state":"Katsina","db":["Mani"]}},
{"type":"Feature","geometry":{"type":"Polygon","coordinates":[[[8.0872,9.2307],[8.0708,9.1546],[8.1553,9.0415],[8.3873,9.1757],[8.5043,9.0014],[8.6578,9.2077],[8.6715,9.2513],[8.6923,9.3826],[8.5778,9.4992],[8.247,9.2394],[8.0872,9.2307]]]},"properties":{"name":"Sanga","state":"Kaduna","db":["Sanga"]}},
{"type":"Feature","geometry":{"type":"Polygon","coordinates":[[[9.5767,9.5228],[9.7609,9.5387],[9.8078,9.58],[9.8096,9.6777],[9.4837,9.7519],[9.4046,9.5916],[9.5767,9.5228]]]},"properties":{"name":"Bogoro","state":"Bauchi","db":["Bogoro"]}},
{"type":"Feature","geometry":{"type":"Polygon","coordinates":[[[11.2451,11.6568],[11.0558,11.5969],[10.9297,11.516],[10.9344,11.4678],[10.9817,11.1788],[11.0919,11.2261],[11.3911,11.0902],[11.4734,11.0175],[11.5589,11.2205],[11.6265,11.4216],[11.3808,11.3866],[11.2451,11.6568]]]},"properties":{"name":"Fika","state":"Yobe","db":["Fika"]}},
{"type":"Feature","geometry":{"type":"Polygon","coordinates":[[[7.1159,8.9264],[7.1056,8.9132],[7.1914,8.8231],[6.9777,8.5198],[6.9808,8.4437],[7.3653,8.4877],[7.4357,8.5864],[7.4776,8.6313],[7.4819,8.868],[7.1159,8.9264]]]},"properties":{"name":"Kuje","state":"FCT","db":["Kuje"]}},
{"type":"Feature","geometry":{"type":"Polygon","coordinates":[[[9.3496,12.6821],[9.3348,12.823],[9.0409,12.8461],[9.0473,12.8162],[8.9999,12.5872],[9.3987,12.4089],[9.4004,12.5601],[9.3496,12.6821]]]},"properties":{"name":"Sule Tankarkar","state":"Jigawa","db":["Sule-Tankarkar"]}},
{"type":"Feature","geometry":{"type":"Polygon","coordinates":[[[3.9402,7.4195],[3.8989,7.3794],[3.9098,7.3424],[3.926,7.3375],[3.9392,7.3785],[3.9438,7.4036],[3.9402,7.4195]]]},"properties":{"name":"Ibadan North East","state":"Oyo","db":["Ibadan North East"]}},
{"type":"Feature","geometry":{"type":"Polygon","coordinates":[[[7.7881,12.7085],[7.8003,12.6249],[7.9317,12.5728],[7.984,12.5771],[7.9632,12.731],[7.797,12.8261],[7.7881,12.7085]]]},"properties":{"name":"Bindawa","state":"Katsina","db":["Bindawa"]}},
{"type":"Feature","geometry":{"type":"Polygon","coordinates":[[[4.5665,8.4723],[4.5936,8.4362],[4.7684,8.479],[4.6021,8.5365],[4.4791,8.5614],[4.4734,8.5122],[4.5329,8.5245],[4.5665,8.4723]]]},"properties":{"name":"Ilorin South","state":"Kwara","db":["Ilorin-South"]}},
{"type":"Feature","geometry":{"type":"Polygon","coordinates":[[[10.8219,11.9883],[10.7643,12.3696],[10.4109,12.3055],[10.4596,11.9066],[10.4083,11.8659],[10.5571,11.6629],[10.6869,11.8093],[10.8775,11.829],[10.8219,11.9883]]]},"properties":{"name":"Gamawa","state":"Bauchi","db":["Gamawa"]}},
{"type":"Feature","geometry":{"type":"Polygon","coordinates":[[[9.7698,12.1259],[9.81,11.9645],[9.8987,11.9381],[10.1675,12.0592],[10.195,12.3281],[10.0171,12.3738],[9.8597,12.223],[9.7698,12.1259]]]},"properties":{"name":"Kafin Hausa","state":"Jigawa","db":["Kafin Hausa"]}},
{"type":"Feature","geometry":{"type":"Polygon","coordinates":[[[2.8872,6.5673],[2.892,6.5115],[3.103,6.4996],[3.1996,6.5319],[3.2574,6.693],[3.2783,6.694],[3.0817,6.762],[2.8872,6.5673]]]},"properties":{"name":"Ado Odo/Ota","state":"Ogun","db":["Ado Odo-Ota"]}},
{"type":"Feature","geometry":{"type":"Polygon","coordinates":[[[9.0312,11.5561],[8.9312,11.6138],[8.7563,11.7262],[8.7532,11.6285],[8.7717,11.4704],[8.7861,11.3952],[8.9167,11.5739],[9.0331,11.528],[9.0312,11.5561]]]},"properties":{"name":"Garko","state":"Kano","db":["Garko"]}},
{"type":"Feature","geometry":{"type":"Polygon","coordinates":[[[8.4812,10.7159],[8.5716,10.7483],[8.6073,11.0712],[8.506,11.1322],[8.3195,11.1847],[8.1579,11.1155],[8.2503,10.9366],[8.0888,10.6813],[8.2349,10.6662],[8.4162,10.4442],[8.3344,10.6264],[8.4812,10.7159]]]},"properties":{"name":"Kubau","state":"Kaduna","db":["Kubau"]}},
{"type":"Feature","geometry":{"type":"Polygon","coordinates":[[[10.2723,8.0669],[10.3317,8.1453],[10.2079,8.2584],[9.9733,8.2961],[9.7657,8.0823],[9.5634,8.1016],[9.3355,7.9855],[9.1791,7.9081],[9.3866,7.8447],[9.6431,7.7999],[9.7977,7.6147],[10.2723,8.0669]]]},"properties":{"name":"Wukari","state":"Taraba","db":["Wukari"]}},
{"type":"Feature","geometry":{"type":"Polygon","coordinates":[[[8.0296,11.9791],[7.8656,12.0214],[7.853,11.8243],[7.8575,11.7949],[8.0768,11.8798],[8.0296,11.9791]]]},"properties":{"name":"Gwarzo","state":"Kano","db":["Gwarzo"]}},
{"type":"Feature","geometry":{"type":"Polygon","coordinates":[[[7.3272,4.7626],[7.5096,4.7852],[7.5118,4.7931],[7.4951,4.8283],[7.3053,4.8755],[7.1463,4.8959],[7.0931,4.9023],[7.1065,4.8512],[7.1847,4.8075],[7.3272,4.7626]]]},"properties":{"name":"Oyigbo","state":"Rivers","db":["Oyigbo"]}},
{"type":"Feature","geometry":{"type":"Polygon","coordinates":[[[5.9749,5.1375],[5.9809,5.1306],[6.0712,5.2079],[5.9952,5.4618],[5.8504,5.5564],[5.8196,5.562],[5.7885,5.4423],[5.7025,5.4102],[5.7284,5.3283],[5.9278,5.1607],[5.9749,5.1375]]]},"properties":{"name":"Ughelli South","state":"Delta","db":["Ughelli South"]}},
{"type":"Feature","geometry":{"type":"Polygon","coordinates":[[[4.4828,11.532],[4.5094,11.4961],[4.7033,11.4767],[4.7915,11.3268],[4.9883,11.313],[5.1396,11.5049],[4.9344,11.7221],[4.8026,11.7577],[4.4828,11.532]]]},"properties":{"name":"Fakai","state":"Kebbi","db":["Fakai"]}},
{"type":"Feature","geometry":{"type":"Polygon","coordinates":[[[9.6807,12.8209],[9.7994,12.6548],[9.6641,12.5627],[9.5792,12.3913],[9.6078,12.328],[9.8203,12.3054],[9.8966,12.35],[9.8531,12.6253],[9.7652,12.7962],[9.6807,12.8209]]]},"properties":{"name":"Kaugama","state":"Jigawa","db":["Kaugama"]}},
{"type":"Feature","geometry":{"type":"Polygon","coordinates":[[[6.2507,6.8363],[6.2079,6.5929],[6.2643,6.6484],[6.3793,6.8137],[6.2507,6.8363]]]},"properties":{"name":"Esan Central","state":"Edo","db":["Esan Central"]}},
{"type":"Feature","geometry":{"type":"Polygon","coordinates":[[[5.9154,13.565],[5.6893,13.6013],[5.5587,13.4939],[5.4853,13.3772],[5.722,13.2379],[5.7213,13.107],[6.0233,13.0854],[6.0565,13.3942],[5.9154,13.565]]]},"properties":{"name":"Goronyo","state":"Sokoto","db":["Goronyo"]}},
{"type":"Feature","geometry":{"type":"Polygon","coordinates":[[[3.3412,7.501],[3.3986,7.4437],[3.5458,7.4408],[3.6133,7.6056],[3.6314,7.7101],[3.3566,7.6407],[3.3412,7.501]]]},"properties":{"name":"Ibarapa East","state":"Oyo","db":["Ibarapa East"]}},
{"type":"Feature","geometry":{"type":"Polygon","coordinates":[[[5.4737,6.0274],[5.5713,5.9909],[5.7642,5.9978],[5.8236,6.2364],[5.6447,6.3702],[5.4637,6.0985],[5.4428,6.0414],[5.4737,6.0274]]]},"properties":{"name":"Ikpoba-Okha","state":"Edo","db":["Ikpoba/Okha"]}},
{"type":"Feature","geometry":{"type":"Polygon","coordinates":[[[7.5387,6.2172],[7.4321,6.3115],[7.3646,6.2137],[7.4028,6.0147],[7.5128,6.0211],[7.5347,6.1741],[7.5387,6.2172]]]},"properties":{"name":"Awgu","state":"Enugu","db":["Awgu"]}},
{"type":"Feature","geometry":{"type":"Polygon","coordinates":[[[4.2105,8.97],[3.9772,8.8755],[3.8743,8.5556],[3.8742,8.5542],[3.9314,8.469],[4.269,8.5558],[4.195,8.8163],[4.3349,8.9808],[4.2105,8.97]]]},"properties":{"name":"Olorunsogo","state":"Oyo","db":["Olorunsogo"]}},
{"type":"Feature","geometry":{"type":"Polygon","coordinates":[[[6.0827,8.4018],[6.087,8.354],[6.0271,8.1545],[6.0218,7.8407],[6.1223,7.6823],[6.3153,7.8333],[6.4962,8.1633],[6.3004,8.4281],[6.1131,8.4415],[6.0827,8.4018]]]},"properties":{"name":"Kabba/Bunu","state":"Kogi","db":["Kabba/Bunu"]}},
{"type":"Feature","geometry":{"type":"Polygon","coordinates":[[[9.195,11.3266],[9.1302,11.3288],[8.8129,11.0918],[8.7667,10.9417],[8.7662,10.8511],[9.021,10.8125],[9.2253,10.697],[9.4177,10.7874],[9.5633,10.8557],[9.6279,11.0524],[9.6154,11.2403],[9.6094,11.3155],[9.195,11.3266]]]},"properties":{"name":"Ningi","state":"Bauchi","db":["Ningi"]}},
{"type":"Feature","geometry":{"type":"Polygon","coordinates":[[[10.2675,7.2783],[10.2349,7.2067],[10.165,7.0211],[10.2694,6.8747],[10.5133,6.8781],[10.62,7.0536],[10.842,6.9583],[10.9888,7.1201],[10.978,7.3099],[10.7891,7.6396],[10.7554,7.6172],[10.4027,7.2568],[10.2675,7.2783]]]},"properties":{"name":"Kurmi","state":"Taraba","db":["Kurmi"]}},
{"type":"Feature","geometry":{"type":"Polygon","coordinates":[[[7.5072,11.4903],[7.5317,11.6574],[7.4054,11.8073],[7.3022,11.8621],[7.3044,11.5662],[7.4008,11.5269],[7.5072,11.4903]]]},"properties":{"name":"Bakori","state":"Katsina","db":["Bakori"]}},
{"type":"Feature","geometry":{"type":"Polygon","coordinates":[[[8.052,4.7498],[8.0998,4.8842],[8.0188,4.9071],[7.9761,4.8379],[8.052,4.7498]]]},"properties":{"name":"Nsit Atai","state":"Akwa Ibom","db":["Nsit Atai"]}},
{"type":"Feature","geometry":{"type":"Polygon","coordinates":[[[7.8632,12.2326],[7.8764,12.2352],[7.9027,12.3325],[7.9317,12.5728],[7.8003,12.6249],[7.6414,12.4245],[7.6091,12.343],[7.7989,12.264],[7.8632,12.2326]]]},"properties":{"name":"Kankia","state":"Katsina","db":["Kankia"]}},
{"type":"Feature","geometry":{"type":"Polygon","coordinates":[[[9.4004,12.5601],[9.3987,12.4089],[9.5349,12.3672],[9.5792,12.3913],[9.6641,12.5627],[9.4758,12.5925],[9.4004,12.5601]]]},"properties":{"name":"Gagarawa","state":"Jigawa","db":["Gagarawa"]}},
{"type":"Feature","geometry":{"type":"Polygon","coordinates":[[[10.3335,11.2057],[10.356,11.5095],[10.1797,11.5685],[10.1457,11.241],[10.3335,11.2057]]]},"properties":{"name":"Giade","state":"Bauchi","db":["Giade"]}},
{"type":"Feature","geometry":{"type":"Polygon","coordinates":[[[6.3386,6.6677],[6.2643,6.6484],[6.2079,6.5929],[6.106,6.4629],[6.1329,6.4054],[6.2816,6.3603],[6.3386,6.6677]]]},"properties":{"name":"Iguegben","state":"Edo","db":["Igueben"]}},
{"type":"Feature","geometry":{"type":"Polygon","coordinates":[[[5.2142,7.2524],[5.3652,7.0925],[5.4497,7.0648],[5.3882,7.2832],[5.3222,7.4364],[5.1924,7.4369],[5.2142,7.2524]]]},"properties":{"name":"Akure North","state":"Ondo","db":["Akure North"]}},
{"type":"Feature","geometry":{"type":"Polygon","coordinates":[[[7.4765,4.5844],[7.5294,4.5961],[7.5175,4.6797],[7.5351,4.7004],[7.5096,4.7852],[7.3272,4.7626],[7.3319,4.7101],[7.305,4.5935],[7.4765,4.5844]]]},"properties":{"name":"Khana","state":"Rivers","db":["Khana"]}},
{"type":"Feature","geometry":{"type":"Polygon","coordinates":[[[7.7577,4.9986],[7.5118,4.7931],[7.5096,4.7852],[7.5351,4.7004],[7.5259,4.6637],[7.5865,4.6546],[7.7034,4.7135],[7.7905,4.8815],[7.7577,4.9986]]]},"properties":{"name":"Oruk Anam","state":"Akwa Ibom","db":["Oruk Anam"]}},
{"type":"Feature","geometry":{"type":"Polygon","coordinates":[[[10.6202,11.5598],[10.356,11.5095],[10.3335,11.2057],[10.3659,11.2048],[10.5554,11.2541],[10.718,11.4279],[10.6202,11.5598]]]},"properties":{"name":"Misau","state":"Bauchi","db":["Misau"]}},
{"type":"Feature","geometry":{"type":"Polygon","coordinates":[[[6.1474,4.9406],[6.3885,5.1936],[6.1416,4.9985],[6.1474,4.9406]]]},"properties":{"name":"Kolokuma/Opokuma","state":"Bayelsa","db":["Kolokuma/Opokuma"]}},
{"type":"Feature","geometry":{"type":"Polygon","coordinates":[[[8.0768,11.8798],[7.8575,11.7949],[7.901,11.6496],[7.9539,11.6553],[8.1411,11.7902],[8.0768,11.8798]]]},"properties":{"name":"Karaye","state":"Kano","db":["Karaye"]}},
{"type":"Feature","geometry":{"type":"Polygon","coordinates":[[[5.9926,4.893],[6.1416,4.9985],[6.3885,5.1936],[6.5309,5.2845],[6.4855,5.3792],[6.3106,5.3035],[6.2835,5.2706],[6.2594,5.2279],[6.22,5.2387],[5.9809,5.1306],[5.9749,5.1375],[5.9926,4.893]]]},"properties":{"name":"Sagbama","state":"Bayelsa","db":["Sagbama"]}},
{"type":"Feature","geometry":{"type":"Polygon","coordinates":[[[9.1456,12.3256],[9.3356,12.2855],[9.5349,12.3672],[9.3987,12.4089],[8.9999,12.5872],[8.7951,12.3823],[8.7235,12.2948],[8.9099,12.301],[9.1456,12.3256]]]},"properties":{"name":"Garki","state":"Jigawa","db":["Garki"]}},
{"type":"Feature","geometry":{"type":"Polygon","coordinates":[[[8.4134,13.038],[8.4344,13.0819],[8.062,13.3168],[8.161,13.0385],[8.1721,13.0128],[8.366,13.0171],[8.4134,13.038]]]},"properties":{"name":"Mai'Adua","state":"Katsina","db":["Mai'Adua"]}},
{"type":"Feature","geometry":{"type":"Polygon","coordinates":[[[8.0856,6.324],[8.0345,6.3732],[7.9199,6.348],[7.8512,6.2315],[7.8785,6.1804],[8.0333,6.2035],[8.0856,6.324]]]},"properties":{"name":"Ezza North","state":"Ebonyi","db":["Ezza North"]}},
{"type":"Feature","geometry":{"type":"Polygon","coordinates":[[[10.2456,8.8044],[10.0518,8.5918],[9.7567,8.3673],[9.6168,8.3718],[9.3633,8.3405],[9.4154,8.0619],[9.3355,7.9855],[9.5634,8.1016],[9.7657,8.0823],[9.9733,8.2961],[10.3097,8.6777],[10.3838,8.6835],[10.2456,8.8044]]]},"properties":{"name":"Ibi","state":"Taraba","db":["Ibi"]}},
{"type":"Feature","geometry":{"type":"Polygon","coordinates":[[[7.4503,7.5133],[7.7526,7.7082],[7.7502,7.7518],[7.6768,8.0145],[7.4458,8.0469],[7.3491,7.847],[7.4503,7.5133]]]},"properties":{"name":"Omala","state":"Kogi","db":["Omala"]}},
{"type":"Feature","geometry":{"type":"Polygon","coordinates":[[[5.0033,7.2002],[5.0367,7.256],[5.0063,7.392],[4.8449,7.3754],[4.7455,7.3138],[4.6167,7.0847],[4.8799,7.1037],[5.0033,7.2002]]]},"properties":{"name":"Ile Oluji/Okeigbo","state":"Ondo","db":["Ileoluji/Okeigbo"]}},
{"type":"Feature","geometry":{"type":"Polygon","coordinates":[[[8.5522,12.8318],[8.6686,12.7195],[8.7011,12.687],[8.8646,12.669],[9.0473,12.8162],[9.0409,12.8461],[8.7079,12.93],[8.5522,12.8318]]]},"properties":{"name":"Baure","state":"Katsina","db":["Baure"]}},
{"type":"Feature","geometry":{"type":"Polygon","coordinates":[[[7.6091,12.343],[7.6414,12.4245],[7.6155,12.5662],[7.4044,12.5255],[7.3346,12.32],[7.5422,12.2685],[7.6091,12.343]]]},"properties":{"name":"Dutsin Ma","state":"Katsina","db":["Dutsin-Ma"]}},
{"type":"Feature","geometry":{"type":"Polygon","coordinates":[[[5.8701,6.7972],[5.6416,6.4142],[5.6447,6.3702],[5.8236,6.2364],[6.1329,6.4054],[6.106,6.4629],[6.012,6.7736],[5.8701,6.7972]]]},"properties":{"name":"Uhunmwonde","state":"Edo","db":["Uhunmwode"]}},
{"type":"Feature","geometry":{"type":"Polygon","coordinates":[[[9.336,12.1657],[9.5317,12.2083],[9.6078,12.328],[9.5792,12.3913],[9.5349,12.3672],[9.3356,12.2855],[9.1456,12.3256],[9.336,12.1657]]]},"properties":{"name":"Taura","state":"Jigawa","db":["Taura"]}},
{"type":"Feature","geometry":{"type":"Polygon","coordinates":[[[6.0712,5.2079],[6.1615,5.2357],[6.088,5.4043],[6.2115,5.6217],[6.1668,5.7265],[6.1497,5.7557],[5.9009,5.6019],[5.8461,5.5872],[5.8504,5.5564],[5.9952,5.4618],[6.0712,5.2079]]]},"properties":{"name":"Ughelli North","state":"Delta","db":["Ughelli North"]}},
{"type":"Feature","geometry":{"type":"Polygon","coordinates":[[[6.2816,6.3603],[6.1329,6.4054],[5.8236,6.2364],[5.7642,5.9978],[5.8942,5.7986],[5.9061,5.7704],[6.1209,5.8397],[6.2438,5.9674],[6.2566,6.0167],[6.1344,6.1357],[6.2466,6.3127],[6.2903,6.3619],[6.2816,6.3603]]]},"properties":{"name":"Orhionmwon","state":"Edo","db":["Orhionmwon"]}},
{"type":"Feature","geometry":{"type":"Polygon","coordinates":[[[7.8126,11.1535],[7.7727,11.137],[7.7919,10.9226],[7.8894,10.678],[8.0888,10.6813],[8.2503,10.9366],[8.1579,11.1155],[8.0479,11.1956],[7.8413,11.1993],[7.8126,11.1535]]]},"properties":{"name":"Soba","state":"Kaduna","db":["Soba"]}},
{"type":"Feature","geometry":{"type":"Polygon","coordinates":[[[10.436,12.8176],[10.559,12.8055],[10.7698,12.8882],[11.0861,12.9202],[11.2061,12.9656],[10.9104,12.9651],[10.7173,13.0467],[10.4696,13.0298],[10.436,12.8176]]]},"properties":{"name":"Karasuwa","state":"Yobe","db":["Karasawa"]}},
{"type":"Feature","geometry":{"type":"Polygon","coordinates":[[[4.8799,7.1037],[4.6167,7.0847],[4.6096,7.0311],[4.5474,6.845],[4.9113,6.958],[4.8799,7.1037]]]},"properties":{"name":"Ondo West","state":"Ondo","db":["Ondo West"]}},
{"type":"Feature","geometry":{"type":"Polygon","coordinates":[[[6.2566,6.0167],[6.3192,6.0186],[6.3476,6.1207],[6.2466,6.3127],[6.1344,6.1357],[6.2566,6.0167]]]},"properties":{"name":"Ika South","state":"Delta","db":["Ikasouth"]}},
{"type":"Feature","geometry":{"type":"Polygon","coordinates":[[[5.4013,7.7205],[5.3658,8.0919],[5.2482,8.0198],[5.2502,8.0024],[5.25,7.8824],[5.2584,7.7924],[5.4013,7.7205]]]},"properties":{"name":"Oye","state":"Ekiti","db":["Oye"]}},
{"type":"Feature","geometry":{"type":"Polygon","coordinates":[[[8.4842,12.2605],[8.4335,12.3575],[8.1191,12.4061],[8.1193,12.2049],[8.2154,12.142],[8.4842,12.2605]]]},"properties":{"name":"Bichi","state":"Kano","db":["Bichi"]}},
{"type":"Feature","geometry":{"type":"Polygon","coordinates":[[[7.1056,8.9132],[6.8903,8.8966],[6.7972,8.7841],[6.8327,8.5824],[6.9777,8.5198],[7.1914,8.8231],[7.1056,8.9132]]]},"properties":{"name":"Kwali","state":"FCT","db":["Kwali"]}},
{"type":"Feature","geometry":{"type":"Polygon","coordinates":[[[3.7469,7.8604],[3.9347,7.8022],[3.9375,7.8581],[3.8101,8.1398],[3.7469,7.8604]]]},"properties":{"name":"Oyo West","state":"Oyo","db":["Oyo West"]}},
{"type":"Feature","geometry":{"type":"Polygon","coordinates":[[[7.9317,12.5728],[7.9027,12.3325],[8.0479,12.4126],[7.984,12.5771],[7.9317,12.5728]]]},"properties":{"name":"Kusada","state":"Katsina","db":["Kusada"]}},
{"type":"Feature","geometry":{"type":"Polygon","coordinates":[[[8.16,12.684],[8.2462,12.5944],[8.3656,12.4317],[8.4584,12.5869],[8.3441,12.6529],[8.16,12.684]]]},"properties":{"name":"Roni","state":"Jigawa","db":["Roni"]}},
{"type":"Feature","geometry":{"type":"Polygon","coordinates":[[[8.8183,10.3804],[8.9357,10.3485],[8.9387,10.0266],[8.9775,9.9874],[9.2143,10.0175],[9.2721,9.8461],[9.349,9.9021],[9.5183,10.1132],[9.622,10.1774],[9.6962,10.3329],[9.6612,10.6115],[9.4177,10.7874],[9.2253,10.697],[9.021,10.8125],[8.7662,10.8511],[8.7832,10.597],[8.8183,10.3804]]]},"properties":{"name":"Toro","state":"Bauchi","db":["Toro"]}},
{"type":"Feature","geometry":{"type":"Polygon","coordinates":[[[5.2142,7.2524],[5.0831,7.2507],[5.3652,7.0925],[5.2142,7.2524]]]},"properties":{"name":"Akure South","state":"Ondo","db":["Akure South"]}},
{"type":"Feature","geometry":{"type":"Polygon","coordinates":[[[7.4118,10.5605],[7.4871,10.5625],[7.7297,10.4775],[7.8697,10.5267],[7.8894,10.678],[7.7919,10.9226],[7.5231,10.9706],[7.3766,11.0139],[7.1882,10.7262],[7.378,10.4901],[7.4118,10.5605]]]},"properties":{"name":"Igabi","state":"Kaduna","db":["Igabi"]}},
{"type":"Feature","geometry":{"type":"Polygon","coordinates":[[[6.1893,7.5753],[6.1336,7.5521],[6.1583,7.5283],[6.2253,7.4684],[6.2921,7.5004],[6.2978,7.5336],[6.1893,7.5753]]]},"properties":{"name":"Okene","state":"Kogi","db":["Okene"]}},
{"type":"Feature","geometry":{"type":"Polygon","coordinates":[[[6.7906,6.1317],[6.7648,6.1558],[6.7579,6.1349],[6.7906,6.1317]]]},"properties":{"name":"Onitsha South","state":"Anambra","db":["Onitsha -South"]}},
{"type":"Feature","geometry":{"type":"Polygon","coordinates":[[[7.7502,7.7518],[8.0265,7.7027],[8.2152,7.8346],[8.0408,7.8964],[7.6768,8.0145],[7.7502,7.7518]]]},"properties":{"name":"Agatu","state":"Benue","db":["Agatu"]}},
{"type":"Feature","geometry":{"type":"Polygon","coordinates":[[[8.4663,12.0655],[8.469,12.0239],[8.5087,12.0003],[8.5221,12.0112],[8.4663,12.0655]]]},"properties":{"name":"Dala","state":"Kano","db":["Dala"]}},
{"type":"Feature","geometry":{"type":"Polygon","coordinates":[[[5.7496,12.2889],[5.7651,12.0344],[5.9421,11.781],[5.9129,11.6357],[6.2576,11.6557],[6.2762,11.8291],[6.1144,12.1323],[5.9097,12.1412],[5.8863,12.3139],[5.7496,12.2889]]]},"properties":{"name":"Anka","state":"Zamfara","db":["Anka"]}},
{"type":"Feature","geometry":{"type":"Polygon","coordinates":[[[8.2508,12.12],[8.2471,12.0215],[8.4045,11.9308],[8.4028,11.9475],[8.3877,12.0222],[8.2508,12.12]]]},"properties":{"name":"Tofa","state":"Kano","db":["Tofa"]}},
{"type":"Feature","geometry":{"type":"Polygon","coordinates":[[[8.1416,12.811],[8.1083,12.8048],[7.9632,12.731],[7.984,12.5771],[8.0479,12.4126],[8.1082,12.4164],[8.2462,12.5944],[8.16,12.684],[8.1416,12.811]]]},"properties":{"name":"Ingawa","state":"Katsina","db":["Ingawa"]}},
{"type":"Feature","geometry":{"type":"Polygon","coordinates":[[[5.784,5.516],[5.8196,5.562],[5.8504,5.5564],[5.8461,5.5872],[5.7059,5.5818],[5.784,5.516]]]},"properties":{"name":"Uvwie","state":"Delta","db":["Uvwie"]}},
{"type":"Feature","geometry":{"type":"Polygon","coordinates":[[[4.9881,6.8987],[5.0785,6.715],[5.1223,6.6987],[5.2548,6.8827],[5.4597,6.8855],[5.5371,6.8848],[5.4497,7.0648],[5.3652,7.0925],[5.0831,7.2507],[5.0367,7.256],[5.0033,7.2002],[4.9881,6.8987]]]},"properties":{"name":"Idanre","state":"Ondo","db":["Idanre"]}},
{"type":"Feature","geometry":{"type":"Polygon","coordinates":[[[5.7059,5.5818],[5.8461,5.5872],[5.9009,5.6019],[5.9061,5.7704],[5.8942,5.7986],[5.777,5.8149],[5.6506,5.7007],[5.7059,5.5818]]]},"properties":{"name":"Okpe","state":"Delta","db":["Okpe"]}},
{"type":"Feature","geometry":{"type":"Polygon","coordinates":[[[6.6617,6.5579],[6.6689,6.5012],[6.7231,6.2656],[6.7626,6.1856],[6.7859,6.2065],[6.8546,6.4048],[6.8086,6.5894],[6.6617,6.5579]]]},"properties":{"name":"Anambra West","state":"Anambra","db":["Anambra West"]}},
{"type":"Feature","geometry":{"type":"Polygon","coordinates":[[[3.3675,6.5244],[3.3669,6.5585],[3.3518,6.5557],[3.3223,6.5016],[3.3655,6.5173],[3.3675,6.5244]]]},"properties":{"name":"Mushin","state":"Lagos","db":["Mushin"]}},
{"type":"Feature","geometry":{"type":"Polygon","coordinates":[[[3.5874,6.9055],[3.4432,6.6859],[3.6924,6.6828],[3.6914,6.7923],[3.5874,6.9055]]]},"properties":{"name":"Shagamu","state":"Ogun","db":["Sagamu"]}},
{"type":"Feature","geometry":{"type":"Polygon","coordinates":[[[7.9162,5.7481],[7.8901,5.6848],[7.9129,5.5251],[7.9135,5.5238],[8.0586,5.2734],[8.1621,5.3079],[8.2602,5.4458],[8.1445,5.6669],[8.0319,5.7984],[7.9701,5.7683],[7.9162,5.7481]]]},"properties":{"name":"Biase","state":"Cross River","db":["Biase"]}},
{"type":"Feature","geometry":{"type":"Polygon","coordinates":[[[8.905,11.9208],[8.9177,11.718],[9.1574,11.7192],[9.202,11.9047],[8.905,11.9208]]]},"properties":{"name":"Gaya","state":"Kano","db":["Gaya"]}},
{"type":"Feature","geometry":{"type":"Polygon","coordinates":[[[7.5335,12.6963],[7.6155,12.5662],[7.6414,12.4245],[7.8003,12.6249],[7.7881,12.7085],[7.581,12.721],[7.5335,12.6963]]]},"properties":{"name":"Charanchi","state":"Katsina","db":["Charanchi"]}},
{"type":"Feature","geometry":{"type":"Polygon","coordinates":[[[6.6793,6.972],[6.4147,7.1667],[6.4834,6.9253],[6.5301,6.7934],[6.6236,6.7936],[6.6793,6.972]]]},"properties":{"name":"Etsako Central","state":"Edo","db":["Etsako Central"]}},
{"type":"Feature","geometry":{"type":"Polygon","coordinates":[[[10.718,11.4279],[10.5554,11.2541],[10.3659,11.2048],[10.2852,11.1041],[10.3646,10.8667],[10.5267,10.737],[10.7384,11.101],[11.0085,11.1491],[10.9817,11.1788],[10.9344,11.4678],[10.718,11.4279]]]},"properties":{"name":"Darazo","state":"Bauchi","db":["Darazo"]}},
{"type":"Feature","geometry":{"type":"Polygon","coordinates":[[[5.8349,7.924],[5.7373,7.8211],[5.773,7.7473],[5.94,7.6451],[6.0041,7.5292],[6.0987,7.5882],[6.1223,7.6823],[6.0218,7.8407],[6.0271,8.1545],[5.8349,7.924]]]},"properties":{"name":"Ijumu","state":"Kogi","db":["Ijumu"]}},
{"type":"Feature","geometry":{"type":"Polygon","coordinates":[[[4.7993,8.0651],[4.8088,8.0617],[4.999,8.0303],[5.0549,8.0492],[5.1848,8.1815],[5.0119,8.1503],[4.9072,8.3699],[4.7474,8.2097],[4.7993,8.0651]]]},"properties":{"name":"Irepodun","state":"Kwara","db":["Irepodun"]}},
{"type":"Feature","geometry":{"type":"Polygon","coordinates":[[[4.1353,7.4031],[4.1371,7.4591],[3.9438,7.4036],[3.9392,7.3785],[4.1257,7.3118],[4.1353,7.4031]]]},"properties":{"name":"Egbeda","state":"Oyo","db":["Egbeda"]}},
{"type":"Feature","geometry":{"type":"Polygon","coordinates":[[[5.9504,7.3445],[5.9512,7.5012],[5.8235,7.4959],[5.8469,7.3945],[5.9504,7.3445]]]},"properties":{"name":"Akoko South East","state":"Ondo","db":["Akoko South East"]}},
{"type":"Feature","geometry":{"type":"Polygon","coordinates":[[[7.1078,11.5509],[7.1767,11.5763],[7.3044,11.5662],[7.3022,11.8621],[7.2466,11.9326],[6.8961,11.7875],[6.8544,11.5952],[6.9011,11.4918],[7.1078,11.5509]]]},"properties":{"name":"Faskari","state":"Katsina","db":["Faskari"]}},
{"type":"Feature","geometry":{"type":"Polygon","coordinates":[[[7.8413,11.1993],[8.0479,11.1956],[7.9565,11.4674],[7.8055,11.3717],[7.8413,11.1993]]]},"properties":{"name":"Makarfi","state":"Kaduna","db":["Makarfi"]}},
{"type":"Feature","geometry":{"type":"Polygon","coordinates":[[[5.7885,5.4423],[5.8196,5.562],[5.784,5.516],[5.7503,5.491],[5.7885,5.4423]]]},"properties":{"name":"Udu","state":"Delta","db":["Udu"]}},
{"type":"Feature","geometry":{"type":"Polygon","coordinates":[[[8.4715,11.7172],[8.4626,11.5569],[8.6721,11.6345],[8.7532,11.6285],[8.7563,11.7262],[8.7678,11.7593],[8.6183,11.7524],[8.4715,11.7172]]]},"properties":{"name":"Bunkure","state":"Kano","db":["Bunkure"]}},
{"type":"Feature","geometry":{"type":"Polygon","coordinates":[[[7.2896,11.2843],[7.39,11.3702],[7.4008,11.5269],[7.3044,11.5662],[7.1767,11.5763],[7.309,11.4583],[7.2896,11.2843]]]},"properties":{"name":"Funtua","state":"Katsina","db":["Funtua"]}},
{"type":"Feature","geometry":{"type":"Polygon","coordinates":[[[8.7326,12.2688],[8.7235,12.2948],[8.7951,12.3823],[8.6407,12.593],[8.532,12.6007],[8.4906,12.3906],[8.598,12.26],[8.7326,12.2688]]]},"properties":{"name":"Dambatta","state":"Kano","db":["Danbata"]}},
{"type":"Feature","geometry":{"type":"Polygon","coordinates":[[[11.2256,12.3478],[11.1961,12.5197],[11.0468,12.4917],[11.0462,12.7879],[11.0348,12.8101],[10.744,12.7911],[10.5888,12.6422],[10.5982,12.522],[10.7643,12.3696],[10.8219,11.9883],[10.9666,12.0848],[11.2256,12.3478]]]},"properties":{"name":"Jakusko","state":"Yobe","db":["Jakusko"]}},
{"type":"Feature","geometry":{"type":"Polygon","coordinates":[[[8.5087,12.0003],[8.469,12.0239],[8.4444,11.9714],[8.5109,11.9593],[8.5087,12.0003]]]},"properties":{"name":"Gwale","state":"Kano","db":["Gwale"]}},
{"type":"Feature","geometry":{"type":"Polygon","coordinates":[[[8.6407,12.593],[8.7951,12.3823],[8.9999,12.5872],[9.0473,12.8162],[8.8646,12.669],[8.7011,12.687],[8.6407,12.593]]]},"properties":{"name":"Babura","state":"Jigawa","db":["Babura"]}},
{"type":"Feature","geometry":{"type":"Polygon","coordinates":[[[5.5707,5.7783],[5.6506,5.7007],[5.777,5.8149],[5.5713,5.9909],[5.4737,6.0274],[5.5707,5.7783]]]},"properties":{"name":"Sapele","state":"Delta","db":["Sapele"]}},
{"type":"Feature","geometry":{"type":"Polygon","coordinates":[[[6.2903,6.3619],[6.2466,6.3127],[6.3476,6.1207],[6.3753,6.2396],[6.3623,6.3844],[6.2903,6.3619]]]},"properties":{"name":"Ika North East","state":"Delta","db":["Ika North- East"]}},
{"type":"Feature","geometry":{"type":"Polygon","coordinates":[[[3.3655,6.5173],[3.3223,6.5016],[3.3215,6.4958],[3.3156,6.4598],[3.3388,6.4746],[3.3645,6.4762],[3.3655,6.5173]]]},"properties":{"name":"Surulere","state":"Lagos","db":["Surulere"]}},
{"type":"Feature","geometry":{"type":"Polygon","coordinates":[[[8.379,11.7577],[8.3317,11.7274],[8.4338,11.5768],[8.4626,11.5569],[8.4715,11.7172],[8.379,11.7577]]]},"properties":{"name":"Garun Malam","state":"Kano","db":["Garun Malam"]}},
{"type":"Feature","geometry":{"type":"Polygon","coordinates":[[[4.6504,8.1625],[4.7278,8.1236],[4.7235,8.1936],[4.6504,8.1625]]]},"properties":{"name":"Offa","state":"Kwara","db":["Offa"]}},
{"type":"Feature","geometry":{"type":"Polygon","coordinates":[[[3.3998,6.524],[3.3998,6.5398],[3.3669,6.5585],[3.3675,6.5244],[3.3998,6.524]]]},"properties":{"name":"Shomolu","state":"Lagos","db":["Somolu"]}},
{"type":"Feature","geometry":{"type":"Polygon","coordinates":[[[8.5149,12.257],[8.598,12.26],[8.4906,12.3906],[8.532,12.6007],[8.4584,12.5869],[8.3656,12.4317],[8.4335,12.3575],[8.4842,12.2605],[8.5149,12.257]]]},"properties":{"name":"Makoda","state":"Kano","db":["Makoda"]}},
{"type":"Feature","geometry":{"type":"Polygon","coordinates":[[[8.2821,11.8213],[8.4068,11.9057],[8.4045,11.9308],[8.2471,12.0215],[8.1419,11.9932],[8.2821,11.8213]]]},"properties":{"name":"Rimin Gado","state":"Kano","db":["Rimin Gado"]}},
{"type":"Feature","geometry":{"type":"Polygon","coordinates":[[[10.2609,13.089],[10.4696,13.0298],[10.7173,13.0467],[10.9104,12.9651],[11.2061,12.9656],[11.445,13.0206],[11.3336,13.3794],[10.6447,13.3746],[10.2244,13.2804],[10.2609,13.089]]]},"properties":{"name":"Yusufari","state":"Yobe","db":["Yusufari"]}},
{"type":"Feature","geometry":{"type":"Polygon","coordinates":[[[7.4458,8.0469],[7.3056,8.0277],[6.9636,7.8793],[6.7694,7.8004],[6.7579,7.7504],[6.7076,7.4844],[6.8132,7.453],[6.8411,7.6013],[7.1083,7.6932],[7.3491,7.847],[7.4458,8.0469]]]},"properties":{"name":"Bassa","state":"Kogi","db":["Bassa"]}},
{"type":"Feature","geometry":{"type":"Polygon","coordinates":[[[9.3193,12.0569],[9.4537,11.9129],[9.81,11.9645],[9.7698,12.1259],[9.5317,12.2083],[9.336,12.1657],[9.3193,12.0569]]]},"properties":{"name":"Jahun","state":"Jigawa","db":["Jahun"]}},
{"type":"Feature","geometry":{"type":"Polygon","coordinates":[[[7.4126,12.8634],[7.3692,12.6804],[7.4044,12.5255],[7.6155,12.5662],[7.5335,12.6963],[7.4126,12.8634]]]},"properties":{"name":"Kurfi","state":"Katsina","db":["Kurfi"]}},
{"type":"Feature","geometry":{"type":"Polygon","coordinates":[[[6.1674,6.8238],[6.0448,6.7768],[6.012,6.7736],[6.106,6.4629],[6.2079,6.5929],[6.2507,6.8363],[6.1674,6.8238]]]},"properties":{"name":"Esan West","state":"Edo","db":["Esan West"]}},
{"type":"Feature","geometry":{"type":"Polygon","coordinates":[[[7.4408,10.488],[7.4871,10.5625],[7.4118,10.5605],[7.4408,10.488]]]},"properties":{"name":"Kaduna North","state":"Kaduna","db":["Kaduna North"]}},
{"type":"Feature","geometry":{"type":"Polygon","coordinates":[[[8.366,13.0171],[8.1721,13.0128],[8.2506,12.8799],[8.366,13.0171]]]},"properties":{"name":"Daura","state":"Katsina","db":["Daura"]}},
{"type":"Feature","geometry":{"type":"Polygon","coordinates":[[[10.8917,8.825],[10.7646,8.7259],[10.3838,8.6835],[10.3097,8.6777],[9.9733,8.2961],[10.2079,8.2584],[10.3317,8.1453],[10.568,8.1471],[11.0128,8.4775],[11.1104,8.6314],[10.8917,8.825]]]},"properties":{"name":"Gassol","state":"Taraba","db":["Gassol"]}},
{"type":"Feature","geometry":{"type":"Polygon","coordinates":[[[9.8597,12.223],[10.0171,12.3738],[10.195,12.3281],[10.225,12.4339],[10.0521,12.4319],[10.0277,12.4406],[9.8966,12.35],[9.8203,12.3054],[9.8597,12.223]]]},"properties":{"name":"Auyo","state":"Jigawa","db":["Auyo"]}},
{"type":"Feature","geometry":{"type":"Polygon","coordinates":[[[8.8639,11.9118],[8.8207,11.7982],[8.7678,11.7593],[8.7563,11.7262],[8.9312,11.6138],[8.9177,11.718],[8.905,11.9208],[8.8639,11.9118]]]},"properties":{"name":"Wudil","state":"Kano","db":["Wudil"]}},
{"type":"Feature","geometry":{"type":"Polygon","coordinates":[[[8.2644,11.3132],[8.0358,11.4934],[7.9565,11.4674],[8.0479,11.1956],[8.1579,11.1155],[8.3195,11.1847],[8.506,11.1322],[8.5187,11.1623],[8.2644,11.3132]]]},"properties":{"name":"Ikara","state":"Kaduna","db":["Ikara"]}},
{"type":"Feature","geometry":{"type":"Polygon","coordinates":[[[5.1924,7.4369],[5.0862,7.4563],[5.0046,7.4139],[5.0063,7.392],[5.0367,7.256],[5.0831,7.2507],[5.2142,7.2524],[5.1924,7.4369]]]},"properties":{"name":"Ifedore","state":"Ondo","db":["Ifedore"]}},
{"type":"Feature","geometry":{"type":"MultiPolygon","coordinates":[[[[6.1272,8.7533],[6.1134,8.9289],[5.8381,8.9677],[5.8117,8.8511],[5.7608,8.7736],[6.1272,8.7533]]],[[[5.5071,9.1408],[5.8303,9.1717],[5.9123,9.5019],[5.7983,9.4822],[5.5814,9.7023],[5.4339,9.8043],[5.221,9.5086],[5.3297,9.517],[5.5071,9.1408]]]]},"properties":{"name":"Lavun","state":"Niger","db":["Lavun"]}},
{"type":"Feature","geometry":{"type":"Polygon","coordinates":[[[5.5882,12.8041],[5.5402,12.981],[5.2921,13.0305],[5.2474,13.0056],[5.1982,12.9489],[5.3743,12.6854],[5.6745,12.7348],[5.5882,12.8041]]]},"properties":{"name":"Dange Shuni","state":"Sokoto","db":["Dange/Shuni"]}},
{"type":"Feature","geometry":{"type":"Polygon","coordinates":[[[2.7358,7.3177],[2.7507,6.8684],[2.8267,6.8161],[3.0517,6.945],[3.1275,7.0615],[2.9948,7.3415],[2.7358,7.3177]]]},"properties":{"name":"Yewa North","state":"Ogun","db":["Egbado North"]}},
{"type":"Feature","geometry":{"type":"Polygon","coordinates":[[[7.1172,12.094],[6.8858,12.1052],[6.8269,12.0774],[6.6648,11.8954],[6.7137,11.594],[6.8544,11.5952],[6.8961,11.7875],[7.2466,11.9326],[7.1303,12.0684],[7.1172,12.094]]]},"properties":{"name":"Tsafe","state":"Zamfara","db":["Tsafe"]}},
{"type":"Feature","geometry":{"type":"Polygon","coordinates":[[[5.3658,8.0919],[5.498,8.1107],[5.4575,8.2064],[5.1626,8.0495],[5.2482,8.0198],[5.3658,8.0919]]]},"properties":{"name":"Ekiti","state":"Kwara","db":["Ekiti"]}},
{"type":"Feature","geometry":{"type":"Polygon","coordinates":[[[5.4138,11.4019],[5.5141,11.6648],[5.46,11.6731],[5.3694,11.5513],[5.1396,11.5049],[4.9883,11.313],[5.2334,11.2182],[5.3331,11.3564],[5.4138,11.4019]]]},"properties":{"name":"Zuru","state":"Kebbi","db":["Zuru"]}},
{"type":"Feature","geometry":{"type":"Polygon","coordinates":[[[5.3245,8.3338],[5.4575,8.2064],[5.498,8.1107],[5.6436,8.074],[5.6882,8.4529],[5.4464,8.4797],[5.3245,8.3338]]]},"properties":{"name":"Yagba West","state":"Kogi","db":["Yagba West"]}},
{"type":"Feature","geometry":{"type":"Polygon","coordinates":[[[6.9636,7.8793],[6.9808,8.4437],[6.8279,8.4576],[6.6913,8.183],[6.7793,8.0448],[6.7694,7.8004],[6.9636,7.8793]]]},"properties":{"name":"Kogi","state":"Kogi","db":["Kogi . K. K."]}},
{"type":"Feature","geometry":{"type":"Polygon","coordinates":[[[7.7687,7.3019],[7.3964,7.3066],[7.3074,7.1833],[7.3668,7.0399],[7.5305,7.0323],[7.7101,7.1831],[7.8012,7.2926],[7.7687,7.3019]]]},"properties":{"name":"Olamaboro","state":"Kogi","db":["Olamaboro"]}},
{"type":"Feature","geometry":{"type":"Polygon","coordinates":[[[4.868,6.5865],[5.0785,6.715],[4.9881,6.8987],[4.9113,6.958],[4.5474,6.845],[4.3785,6.6422],[4.5825,6.6422],[4.7132,6.7334],[4.868,6.5865]]]},"properties":{"name":"Odigbo","state":"Ondo","db":["Odigbo"]}},
{"type":"Feature","geometry":{"type":"Polygon","coordinates":[[[3.3158,6.6054],[3.3367,6.6265],[3.306,6.6478],[3.3158,6.6054]]]},"properties":{"name":"Agege","state":"Lagos","db":["Agege"]}},
{"type":"Feature","geometry":{"type":"Polygon","coordinates":[[[8.7717,11.4704],[8.7532,11.6285],[8.6721,11.6345],[8.6146,11.3496],[8.7717,11.4704]]]},"properties":{"name":"Kibiya","state":"Kano","db":["Kibiya"]}},
{"type":"Feature","geometry":{"type":"Polygon","coordinates":[[[4.9072,8.3699],[5.0119,8.1503],[5.1848,8.1815],[5.2399,8.2551],[5.1345,8.3642],[4.9072,8.3699]]]},"properties":{"name":"Isin","state":"Kwara","db":["Isin"]}},
{"type":"Feature","geometry":{"type":"Polygon","coordinates":[[[7.6247,11.2163],[7.6457,11.1308],[7.7727,11.137],[7.8126,11.1535],[7.6247,11.2163]]]},"properties":{"name":"Sabon Gari","state":"Kaduna","db":["Sabon Gari"]}},
{"type":"Feature","geometry":{"type":"Polygon","coordinates":[[[9.8531,12.6253],[9.8966,12.35],[10.0277,12.4406],[10.062,12.4847],[10.1884,12.6954],[9.8531,12.6253]]]},"properties":{"name":"Malam Madori","state":"Jigawa","db":["Malam Madori"]}},
{"type":"Feature","geometry":{"type":"Polygon","coordinates":[[[6.1131,8.4415],[6.3004,8.4281],[6.4962,8.1633],[6.3153,7.8333],[6.6164,7.8592],[6.7103,7.7865],[6.7579,7.7504],[6.7694,7.8004],[6.7793,8.0448],[6.6913,8.183],[6.4529,8.4483],[6.408,8.603],[6.3153,8.7189],[6.2085,8.7324],[6.1131,8.4415]]]},"properties":{"name":"Lokoja","state":"Kogi","db":["Lokoja"]}},
{"type":"Feature","geometry":{"type":"Polygon","coordinates":[[[4.5088,7.5991],[4.5272,7.614],[4.5399,7.6571],[4.3952,7.7304],[4.3371,7.6684],[4.3296,7.6351],[4.5088,7.5991]]]},"properties":{"name":"Ede South","state":"Osun","db":["Ede South"]}},
{"type":"Feature","geometry":{"type":"Polygon","coordinates":[[[7.6187,11.2777],[7.39,11.3702],[7.2896,11.2843],[7.1948,11.2576],[7.1616,11.1309],[7.1292,10.7144],[7.1882,10.7262],[7.3766,11.0139],[7.5231,10.9706],[7.6457,11.1308],[7.6247,11.2163],[7.6187,11.2777]]]},"properties":{"name":"Giwa","state":"Kaduna","db":["Giwa"]}},
{"type":"Feature","geometry":{"type":"Polygon","coordinates":[[[5.6436,8.074],[5.498,8.1107],[5.3658,8.0919],[5.4013,7.7205],[5.4318,7.6937],[5.5617,7.7016],[5.6582,7.8279],[5.6436,8.074]]]},"properties":{"name":"Ikole","state":"Ekiti","db":["Ikole"]}},
{"type":"Feature","geometry":{"type":"Polygon","coordinates":[[[8.4335,12.3575],[8.3656,12.4317],[8.2462,12.5944],[8.1082,12.4164],[8.1191,12.4061],[8.4335,12.3575]]]},"properties":{"name":"Kunchi","state":"Kano","db":["Kunchi"]}},
{"type":"Feature","geometry":{"type":"Polygon","coordinates":[[[10.3253,12.8115],[10.3514,12.7743],[10.3632,12.4521],[10.5982,12.522],[10.5888,12.6422],[10.559,12.8055],[10.436,12.8176],[10.3253,12.8115]]]},"properties":{"name":"Guri","state":"Jigawa","db":["Guri"]}},
{"type":"Feature","geometry":{"type":"Polygon","coordinates":[[[6.2834,12.4084],[6.1144,12.1323],[6.2762,11.8291],[6.2576,11.6557],[5.9129,11.6357],[5.8195,11.6484],[5.8268,11.4443],[6.0095,11.4626],[6.1357,11.2954],[6.0159,11.138],[6.2665,10.9661],[6.683,11.065],[6.7034,11.239],[6.8894,11.3836],[6.9011,11.4918],[6.8544,11.5952],[6.7137,11.594],[6.4971,11.5918],[6.4023,11.7402],[6.504,11.8935],[6.4448,12.3671],[6.2834,12.4084]]]},"properties":{"name":"Maru","state":"Zamfara","db":["Maru"]}},
{"type":"Feature","geometry":{"type":"Polygon","coordinates":[[[10.4943,10.6883],[10.8351,10.3951],[10.8729,10.3845],[10.9314,10.6205],[11.1721,10.6604],[11.2455,10.801],[11.0085,11.1491],[10.7384,11.101],[10.5267,10.737],[10.4943,10.6883]]]},"properties":{"name":"Dukku","state":"Gombe","db":["Dukku"]}},
{"type":"Feature","geometry":{"type":"Polygon","coordinates":[[[4.9641,12.931],[5.0579,12.9337],[5.1982,12.9489],[5.2474,13.0056],[5.223,13.0433],[5.2436,13.0798],[5.1347,13.2496],[5.071,13.173],[4.9853,13.0847],[4.9641,12.931]]]},"properties":{"name":"Wamakko","state":"Sokoto","db":["Wamakko"]}},
{"type":"Feature","geometry":{"type":"Polygon","coordinates":[[[5.0576,8.0395],[5.1626,8.0495],[5.4575,8.2064],[5.3245,8.3338],[5.2399,8.2551],[5.1848,8.1815],[5.0549,8.0492],[5.0576,8.0395]]]},"properties":{"name":"Oke Ero","state":"Kwara","db":["Okeero"]}},
{"type":"Feature","geometry":{"type":"Polygon","coordinates":[[[3.3518,6.5557],[3.3088,6.5881],[3.29,6.4916],[3.3215,6.4958],[3.3223,6.5016],[3.3518,6.5557]]]},"properties":{"name":"Oshodi/Isolo","state":"Lagos","db":["Oshodi/Isolo"]}},
{"type":"Feature","geometry":{"type":"Polygon","coordinates":[[[13.0842,13.1126],[13.2833,13.0126],[13.4687,13.1828],[13.4555,13.3232],[13.7621,13.5295],[13.6335,13.7083],[13.3369,13.7198],[13.1987,13.5285],[13.0369,13.5398],[12.8189,13.4217],[12.9183,13.4069],[13.0842,13.1126]]]},"properties":{"name":"Abadam","state":"Borno","db":["Abadam"]}},
{"type":"Feature","geometry":{"type":"Polygon","coordinates":[[[5.0203,7.9609],[5.1002,7.9376],[5.1612,7.9394],[5.2502,8.0024],[5.2482,8.0198],[5.1626,8.0495],[5.0576,8.0395],[5.0203,7.9609]]]},"properties":{"name":"Moba","state":"Ekiti","db":["Moba"]}},
{"type":"Feature","geometry":{"type":"Polygon","coordinates":[[[7.2181,9.0923],[7.221,9.1153],[7.1793,9.1442],[7.0921,9.2106],[7.0301,9.2577],[6.8776,9.1716],[6.8903,8.8966],[7.1056,8.9132],[7.1159,8.9264],[7.2181,9.0923]]]},"properties":{"name":"Gwagwalada","state":"FCT","db":["Gwagwalada"]}},
{"type":"Feature","geometry":{"type":"Polygon","coordinates":[[[7.7241,9.3293],[7.9191,9.3174],[7.9479,9.6349],[7.8365,9.6916],[7.5671,9.5772],[7.2514,9.521],[7.219,9.4927],[7.2323,9.3177],[7.3786,9.3365],[7.647,9.4087],[7.7241,9.3293]]]},"properties":{"name":"Kagarko","state":"Kaduna","db":["Kagarko"]}},
{"type":"Feature","geometry":{"type":"Polygon","coordinates":[[[6.9777,8.5198],[6.8327,8.5824],[6.7972,8.7841],[6.8903,8.8966],[6.8776,9.1716],[7.0301,9.2577],[6.7881,9.2702],[6.78,8.5803],[6.8279,8.4576],[6.9808,8.4437],[6.9777,8.5198]]]},"properties":{"name":"Abaji","state":"FCT","db":["Abaji"]}},
{"type":"Feature","geometry":{"type":"Polygon","coordinates":[[[10.978,7.3099],[10.9888,7.1201],[10.842,6.9583],[11.0192,6.7786],[11.1169,6.4442],[11.3403,6.4408],[11.5553,6.6539],[11.5875,6.8922],[11.6944,6.9727],[11.5649,7.0698],[11.2849,7.0521],[10.978,7.3099]]]},"properties":{"name":"Sardauna","state":"Taraba","db":["Sardauna"]}},
{"type":"Feature","geometry":{"type":"Polygon","coordinates":[[[4.3141,10.9499],[4.3358,10.9187],[4.6935,10.9191],[4.8263,10.8822],[5.0406,11.0519],[4.7461,11.1476],[4.7915,11.3268],[4.7033,11.4767],[4.5094,11.4961],[4.4876,11.2396],[4.3377,11.1815],[4.3141,10.9499]]]},"properties":{"name":"Shanga","state":"Kebbi","db":["Shanga"]}},
{"type":"Feature","geometry":{"type":"Polygon","coordinates":[[[6.8894,11.3836],[6.7034,11.239],[6.683,11.065],[6.2665,10.9661],[6.1226,10.8449],[6.0922,10.5218],[6.2357,10.3848],[6.4024,10.5744],[6.5403,10.5452],[6.7198,10.6435],[6.8093,10.7915],[7.0076,10.6632],[7.1292,10.7144],[7.1616,11.1309],[6.8894,11.3836]]]},"properties":{"name":"Birnin Gwari","state":"Kaduna","db":["Birnin Gwari"]}},
{"type":"Feature","geometry":{"type":"Polygon","coordinates":[[[4.8263,10.8822],[4.6338,10.6114],[4.5101,10.5352],[4.53,10.1006],[4.6465,10.205],[4.9465,10.2853],[4.7961,10.6293],[5.101,10.7613],[5.0406,11.0519],[4.8263,10.8822]]]},"properties":{"name":"Ngaski","state":"Kebbi","db":["Ngaski"]}},
{"type":"Feature","geometry":{"type":"Polygon","coordinates":[[[7.5106,10.1947],[7.5965,10.3947],[7.7297,10.4775],[7.4871,10.5625],[7.4408,10.488],[7.378,10.4901],[7.1882,10.7262],[7.1292,10.7144],[7.0076,10.6632],[6.8093,10.7915],[6.7198,10.6435],[6.803,10.6432],[7.0508,10.3171],[6.9012,10.0764],[7.2541,10.0392],[7.5106,10.1947]]]},"properties":{"name":"Chikun","state":"Kaduna","db":["Chikun"]}},
{"type":"Feature","geometry":{"type":"Polygon","coordinates":[[[4.6935,10.9191],[4.6338,10.6114],[4.8263,10.8822],[4.6935,10.9191]]]},"properties":{"name":"Yauri","state":"Kebbi","db":["Yauri"]}},
{"type":"Feature","geometry":{"type":"MultiPolygon","coordinates":[[[[8.4342,9.994],[8.5011,9.7409],[8.5989,9.7279],[8.6351,9.7576],[8.6796,10.0111],[8.4342,9.994]]],[[[8.4162,10.4442],[8.2349,10.6662],[8.0888,10.6813],[7.8894,10.678],[7.8697,10.5267],[8.1171,10.2885],[8.266,10.0314],[8.4343,9.998],[8.5009,10.0922],[8.3305,10.3539],[8.4162,10.4442]]]]},"properties":{"name":"Kauru","state":"Kaduna","db":["Kauru"]}},
{"type":"Feature","geometry":{"type":"Polygon","coordinates":[[[12.2721,9.5222],[12.2273,9.6559],[12.0709,9.6261],[12.034,9.4367],[11.6396,9.3067],[11.6874,9.2295],[11.8419,9.1714],[12.0772,9.3153],[12.3551,9.3908],[12.2721,9.5222]]]},"properties":{"name":"Demsa","state":"Adamawa","db":["Demsa"]}},
{"type":"Feature","geometry":{"type":"Polygon","coordinates":[[[7.5295,5.48],[7.4152,5.571],[7.3855,5.5034],[7.3629,5.4602],[7.51,5.4312],[7.5295,5.48]]]},"properties":{"name":"Umuahia South","state":"Abia","db":["Umuahia  South"]}},
{"type":"Feature","geometry":{"type":"Polygon","coordinates":[[[4.748,7.6789],[4.8872,7.6896],[4.9158,7.8027],[4.9219,7.8619],[4.8436,7.8632],[4.7446,7.8852],[4.6719,7.8591],[4.664,7.8411],[4.6066,7.7873],[4.6103,7.7523],[4.6629,7.6886],[4.748,7.6789]]]},"properties":{"name":"Obokun","state":"Osun","db":["Obokun"]}},
{"type":"Feature","geometry":{"type":"Polygon","coordinates":[[[7.0353,5.3285],[7.0419,5.4469],[6.9747,5.4843],[7.0095,5.5255],[7.0062,5.5416],[6.9692,5.5606],[6.9294,5.5425],[7.0266,5.2887],[7.0353,5.3285]]]},"properties":{"name":"Owerri West","state":"Imo","db":["Owerri West"]}},
{"type":"Feature","geometry":{"type":"Polygon","coordinates":[[[7.4776,8.6313],[7.4357,8.5864],[7.4356,8.2425],[7.3056,8.0277],[7.4458,8.0469],[7.6768,8.0145],[8.0408,7.8964],[7.9845,8.0249],[8.1474,8.469],[7.9001,8.6436],[7.5531,8.7623],[7.4776,8.6313]]]},"properties":{"name":"Nasarawa","state":"Nasarawa","db":["Nasarawa"]}},
{"type":"Feature","geometry":{"type":"Polygon","coordinates":[[[6.9719,6.0287],[6.9635,6.0932],[6.8125,6.0937],[6.7775,6.0565],[6.8761,6.0551],[6.9437,6.0176],[6.9719,6.0287]]]},"properties":{"name":"Idemili South","state":"Anambra","db":["Idemili-South"]}},
{"type":"Feature","geometry":{"type":"Polygon","coordinates":[[[7.3932,5.0764],[7.368,5.1403],[7.3247,5.0907],[7.3789,5.0813],[7.3932,5.0764]]]},"properties":{"name":"Aba North","state":"Abia","db":["Aba North"]}},
{"type":"Feature","geometry":{"type":"Polygon","coordinates":[[[3.1694,7.3732],[3.3166,7.2213],[3.4091,7.1593],[3.7623,7.2432],[3.7363,7.3007],[3.5458,7.4408],[3.3986,7.4437],[3.1694,7.3732]]]},"properties":{"name":"Odeda","state":"Ogun","db":["Odeda"]}},
{"type":"Feature","geometry":{"type":"Polygon","coordinates":[[[4.3428,7.068],[4.0915,6.8976],[3.9777,6.835],[4.085,6.6798],[4.2359,6.5782],[4.3785,6.6422],[4.5474,6.845],[4.6096,7.0311],[4.3507,7.0657],[4.3428,7.068]]]},"properties":{"name":"Ijebu East","state":"Ogun","db":["Ijebu East"]}},
{"type":"Feature","geometry":{"type":"Polygon","coordinates":[[[7.8897,6.8345],[8.0534,6.9734],[7.9695,7.1063],[7.8012,7.2926],[7.7101,7.1831],[7.7737,7.0292],[7.7119,6.8609],[7.8897,6.8345]]]},"properties":{"name":"Okpokwu","state":"Benue","db":["Okpokwu"]}},
{"type":"Feature","geometry":{"type":"Polygon","coordinates":[[[10.9691,9.6154],[11.1142,9.5256],[11.3739,9.5468],[11.412,9.6577],[11.2475,9.9298],[11.2317,9.7922],[10.9601,9.6792],[10.9691,9.6154]]]},"properties":{"name":"Shomgom","state":"Gombe","db":["Shongom"]}},
{"type":"Feature","geometry":{"type":"Polygon","coordinates":[[[5.1719,7.5402],[5.3279,7.567],[5.3659,7.5485],[5.3672,7.6788],[5.1133,7.6367],[5.1719,7.5402]]]},"properties":{"name":"Ado-Ekiti","state":"Ekiti","db":["Ado Ekiti"]}},
{"type":"Feature","geometry":{"type":"Polygon","coordinates":[[[7.2102,5.5118],[7.2844,5.4908],[7.3234,5.5433],[7.3055,5.586],[7.3027,5.601],[7.2261,5.6127],[7.2109,5.5999],[7.2102,5.5118]]]},"properties":{"name":"Ahiazu-Mbaise","state":"Imo","db":["Ahiazu Mbaise"]}},
{"type":"Feature","geometry":{"type":"Polygon","coordinates":[[[7.4503,7.5133],[7.3779,7.3751],[7.3964,7.3066],[7.7687,7.3019],[7.7922,7.4099],[7.7526,7.7082],[7.4503,7.5133]]]},"properties":{"name":"Ankpa","state":"Kogi","db":["Ankpa"]}},
{"type":"Feature","geometry":{"type":"Polygon","coordinates":[[[7.1135,5.8111],[7.0764,5.7344],[7.0988,5.7295],[7.1624,5.746],[7.1135,5.8111]]]},"properties":{"name":"Nkwerre","state":"Imo","db":["Nkwerre"]}},
{"type":"Feature","geometry":{"type":"Polygon","coordinates":[[[7.7526,7.7082],[7.7922,7.4099],[7.8159,7.4088],[8.0768,7.6119],[8.0265,7.7027],[7.7502,7.7518],[7.7526,7.7082]]]},"properties":{"name":"Apa","state":"Benue","db":["Apa"]}},
{"type":"Feature","geometry":{"type":"Polygon","coordinates":[[[9.738,7.0781],[9.5992,7.0007],[9.3544,7.0835],[9.1625,6.9431],[9.1848,6.6933],[9.3037,6.7178],[9.4711,6.5249],[9.4674,6.4013],[9.598,6.4999],[9.6457,6.8948],[9.738,7.0781]]]},"properties":{"name":"Kwande","state":"Benue","db":["Kwande"]}},
{"type":"Feature","geometry":{"type":"Polygon","coordinates":[[[8.5989,5.8264],[8.7795,5.934],[8.7989,6.0647],[8.717,6.3772],[8.5114,6.3556],[8.4261,6.2193],[8.4733,5.9329],[8.5989,5.8264]]]},"properties":{"name":"Ikom","state":"Cross River","db":["Ikom"]}},
{"type":"Feature","geometry":{"type":"Polygon","coordinates":[[[5.25,7.8824],[5.1612,7.9394],[5.1002,7.9376],[5.1487,7.7707],[5.2584,7.7924],[5.25,7.8824]]]},"properties":{"name":"Ido-Osi","state":"Ekiti","db":["Ido / Osi"]}},
{"type":"Feature","geometry":{"type":"Polygon","coordinates":[[[7.5386,5.1013],[7.4264,5.0297],[7.298,4.9571],[7.3053,4.8755],[7.4951,4.8283],[7.4907,4.8651],[7.4898,4.9603],[7.5464,5.0864],[7.5386,5.1013]]]},"properties":{"name":"Ukwa East","state":"Abia","db":["Ukwa East"]}},
{"type":"Feature","geometry":{"type":"Polygon","coordinates":[[[7.1837,4.9499],[7.1463,4.8959],[7.3053,4.8755],[7.298,4.9571],[7.3073,5.0651],[7.2561,5.078],[7.1837,4.9499]]]},"properties":{"name":"Ukwa West","state":"Abia","db":["Ukwa  West"]}},
{"type":"Feature","geometry":{"type":"Polygon","coordinates":[[[6.9437,6.0176],[6.878,5.9774],[6.8678,5.9339],[6.9937,5.8952],[7.0367,5.9167],[6.9987,6.0338],[6.9719,6.0287],[6.9437,6.0176]]]},"properties":{"name":"Nnewi South","state":"Anambra","db":["Nnewi South"]}},
{"type":"Feature","geometry":{"type":"Polygon","coordinates":[[[7.7341,5.5178],[7.707,5.6424],[7.725,5.8164],[7.684,5.8223],[7.5346,5.8347],[7.4787,5.6857],[7.5713,5.5032],[7.6581,5.4462],[7.7341,5.5178]]]},"properties":{"name":"Bende","state":"Abia","db":["Bende"]}},
{"type":"Feature","geometry":{"type":"Polygon","coordinates":[[[7.3816,5.7056],[7.3903,5.883],[7.261,5.9389],[7.2288,5.9328],[7.234,5.8392],[7.2473,5.736],[7.2574,5.7305],[7.364,5.7005],[7.3816,5.7056]]]},"properties":{"name":"Okigwe","state":"Imo","db":["Okigwe"]}},
{"type":"Feature","geometry":{"type":"Polygon","coordinates":[[[10.0748,11.6839],[9.9746,11.7474],[9.8278,11.6923],[9.8196,11.5799],[10.0748,11.6839]]]},"properties":{"name":"Jama'Are","state":"Bauchi","db":["Jama'Are"]}},
{"type":"Feature","geometry":{"type":"Polygon","coordinates":[[[8.0708,9.1546],[7.863,8.9231],[7.8928,8.7973],[7.9001,8.6436],[8.1474,8.469],[8.2406,8.5079],[8.1683,8.5862],[8.2267,8.8388],[8.1553,9.0415],[8.0708,9.1546]]]},"properties":{"name":"Kokona","state":"Nasarawa","db":["Kokona"]}},
{"type":"Feature","geometry":{"type":"Polygon","coordinates":[[[13.9098,12.1212],[13.4703,12.257],[13.2714,12.2518],[13.2247,12.1279],[13.2474,11.8111],[13.5055,11.7974],[13.5855,11.6507],[13.7864,11.7493],[13.9098,12.1212]]]},"properties":{"name":"Mafa","state":"Borno","db":["Mafa"]}},
{"type":"Feature","geometry":{"type":"Polygon","coordinates":[[[10.9776,9.8102],[11.2729,10.0023],[11.5335,10.0063],[11.5394,10.0216],[11.3307,10.0787],[11.1987,10.2897],[11.1213,10.311],[10.8729,10.3845],[10.8351,10.3951],[10.8553,10.2408],[10.7175,10.0499],[10.9776,9.8102]]]},"properties":{"name":"Akko","state":"Gombe","db":["Akko"]}},
{"type":"Feature","geometry":{"type":"Polygon","coordinates":[[[9.3544,7.0835],[9.3134,7.0981],[9.1039,7.2094],[8.9844,7.2842],[8.7764,7.1804],[8.9965,6.9623],[9.1625,6.9431],[9.3544,7.0835]]]},"properties":{"name":"Ushongo","state":"Benue","db":["Ushongo"]}},
{"type":"Feature","geometry":{"type":"Polygon","coordinates":[[[7.3027,5.601],[7.364,5.7005],[7.2574,5.7305],[7.2261,5.6127],[7.3027,5.601]]]},"properties":{"name":"Ehime-Mbano","state":"Imo","db":["Ehime Mbano"]}},
{"type":"Feature","geometry":{"type":"Polygon","coordinates":[[[7.1624,5.746],[7.1894,5.7324],[7.2058,5.7717],[7.1848,5.8309],[7.1834,5.851],[7.1098,5.8297],[7.1135,5.8111],[7.1624,5.746]]]},"properties":{"name":"Ideato South","state":"Imo","db":["Ideato South"]}},
{"type":"Feature","geometry":{"type":"Polygon","coordinates":[[[4.4239,7.1908],[4.3507,7.0657],[4.6096,7.0311],[4.6167,7.0847],[4.7455,7.3138],[4.6702,7.4042],[4.5129,7.3534],[4.4239,7.1908]]]},"properties":{"name":"Ife South","state":"Osun","db":["Ife South"]}},
{"type":"Feature","geometry":{"type":"Polygon","coordinates":[[[6.8084,6.2051],[6.8203,6.1692],[6.8893,6.157],[6.9667,6.2829],[6.8084,6.2051]]]},"properties":{"name":"Oyi","state":"Anambra","db":["Oyi"]}},
{"type":"Feature","geometry":{"type":"Polygon","coordinates":[[[5.0862,7.4563],[5.1719,7.5402],[5.1133,7.6367],[5.1019,7.636],[4.9194,7.5215],[5.0046,7.4139],[5.0862,7.4563]]]},"properties":{"name":"Ekiti South-West","state":"Ekiti","db":["Ekiti South West"]}},
{"type":"Feature","geometry":{"type":"Polygon","coordinates":[[[6.9393,6.7033],[6.9533,6.4198],[7.0318,6.4508],[7.0331,6.4637],[7.1291,6.6595],[6.9393,6.7033]]]},"properties":{"name":"Ayamelum","state":"Anambra","db":["Ayamelum"]}},
{"type":"Feature","geometry":{"type":"Polygon","coordinates":[[[7.2102,5.5118],[7.1666,5.4888],[7.1713,5.4673],[7.3002,5.3412],[7.3006,5.3424],[7.3226,5.3955],[7.2844,5.4908],[7.2102,5.5118]]]},"properties":{"name":"Aboh-Mbaise","state":"Imo","db":["Aboh Mbaise"]}},
{"type":"Feature","geometry":{"type":"Polygon","coordinates":[[[5.2502,8.0024],[5.1612,7.9394],[5.25,7.8824],[5.2502,8.0024]]]},"properties":{"name":"Ilejemeje","state":"Ekiti","db":["Ilejemeje"]}},
{"type":"Feature","geometry":{"type":"Polygon","coordinates":[[[7.0062,5.5416],[7.0785,5.524],[7.1609,5.6204],[7.0809,5.6484],[7.0295,5.6501],[7.0103,5.6497],[6.9552,5.6266],[6.9692,5.5606],[7.0062,5.5416]]]},"properties":{"name":"Mbatoli","state":"Imo","db":["Mbaitoli"]}},
{"type":"Feature","geometry":{"type":"Polygon","coordinates":[[[8.7006,5.0143],[8.81,5.1517],[8.8531,5.7449],[8.5744,5.6427],[8.3282,5.7292],[8.1445,5.6669],[8.2602,5.4458],[8.1621,5.3079],[8.3968,5.1265],[8.7006,5.0143]]]},"properties":{"name":"Akamkpa","state":"Cross River","db":["Akamkpa"]}},
{"type":"Feature","geometry":{"type":"Polygon","coordinates":[[[7.5325,5.1725],[7.5394,5.2949],[7.5269,5.3035],[7.51,5.3043],[7.3824,5.205],[7.368,5.1403],[7.3932,5.0764],[7.4264,5.0297],[7.5386,5.1013],[7.5325,5.1725]]]},"properties":{"name":"Obi Nwga","state":"Abia","db":["Obingwa"]}},
{"type":"Feature","geometry":{"type":"Polygon","coordinates":[[[9.1791,7.9081],[9.1344,7.9886],[8.9604,7.9323],[9.1527,7.5972],[9.2673,7.4588],[9.4381,7.4725],[9.521,7.5475],[9.3866,7.8447],[9.1791,7.9081]]]},"properties":{"name":"Logo","state":"Benue","db":["Logo"]}},
{"type":"Feature","geometry":{"type":"Polygon","coordinates":[[[9.1344,7.9886],[9.057,8.0776],[8.7805,8.0752],[8.5127,8.1578],[8.3711,8.0463],[8.4158,7.8],[8.6813,7.8244],[8.6966,7.6611],[8.7678,7.6533],[8.9802,7.679],[9.1527,7.5972],[8.9604,7.9323],[9.1344,7.9886]]]},"properties":{"name":"Guma","state":"Benue","db":["Guma"]}},
{"type":"Feature","geometry":{"type":"Polygon","coordinates":[[[8.717,6.3772],[8.7837,6.5471],[9.0018,6.537],[8.9563,6.6365],[8.81,6.692],[8.5203,6.437],[8.4312,6.4568],[8.4442,6.3893],[8.5114,6.3556],[8.717,6.3772]]]},"properties":{"name":"Ogoja","state":"Cross River","db":["Ogoja"]}},
{"type":"Feature","geometry":{"type":"Polygon","coordinates":[[[7.8901,5.6848],[7.725,5.8164],[7.707,5.6424],[7.9129,5.5251],[7.8901,5.6848]]]},"properties":{"name":"Ohafia","state":"Abia","db":["Ohafia"]}},
{"type":"Feature","geometry":{"type":"Polygon","coordinates":[[[7.1506,6.2286],[7.1387,6.2111],[7.0767,6.1169],[7.0442,6.0524],[7.1385,6.0052],[7.2708,6.079],[7.1506,6.2286]]]},"properties":{"name":"Orumba North","state":"Anambra","db":["Orumba North"]}},
{"type":"Feature","geometry":{"type":"Polygon","coordinates":[[[7.8177,6.6375],[7.8462,6.5983],[8.0625,6.7202],[8.1603,6.7611],[8.1975,6.9089],[8.1646,6.9862],[8.0534,6.9734],[7.8897,6.8345],[7.8177,6.6375]]]},"properties":{"name":"Ado","state":"Benue","db":["Ado"]}},
{"type":"Feature","geometry":{"type":"Polygon","coordinates":[[[6.9808,8.4437],[6.9636,7.8793],[7.3056,8.0277],[7.4356,8.2425],[7.4357,8.5864],[7.3653,8.4877],[6.9808,8.4437]]]},"properties":{"name":"Toto","state":"Nasarawa","db":["Toto"]}},
{"type":"Feature","geometry":{"type":"Polygon","coordinates":[[[4.3972,7.8965],[4.3711,7.8487],[4.3204,7.7011],[4.3371,7.6684],[4.3952,7.7304],[4.4811,7.746],[4.5368,7.7953],[4.5356,7.8601],[4.4792,7.8374],[4.429,7.8893],[4.3972,7.8965]]]},"properties":{"name":"Egbedore","state":"Osun","db":["Egbedore"]}},
{"type":"Feature","geometry":{"type":"Polygon","coordinates":[[[7.0095,5.5255],[7.0419,5.4469],[7.0353,5.3285],[7.1713,5.4673],[7.1666,5.4888],[7.0785,5.524],[7.0062,5.5416],[7.0095,5.5255]]]},"properties":{"name":"Owerri North","state":"Imo","db":["Owerri North"]}},
{"type":"Feature","geometry":{"type":"Polygon","coordinates":[[[6.9635,6.0932],[6.9793,6.132],[6.9534,6.1591],[6.8893,6.157],[6.8203,6.1692],[6.8053,6.1216],[6.8125,6.0937],[6.9635,6.0932]]]},"properties":{"name":"Idemili North","state":"Anambra","db":["Idemili North"]}},
{"type":"Feature","geometry":{"type":"Polygon","coordinates":[[[7.271,5.2118],[7.3824,5.205],[7.51,5.3043],[7.3006,5.3424],[7.3002,5.3412],[7.2643,5.2156],[7.271,5.2118]]]},"properties":{"name":"Isiala-Ngwa South","state":"Abia","db":["Isiala Ngwa South"]}},
{"type":"Feature","geometry":{"type":"Polygon","coordinates":[[[11.4734,11.0175],[11.3911,11.0902],[11.3638,10.8397],[11.2455,10.801],[11.1721,10.6604],[11.3143,10.5283],[11.5227,10.6615],[11.4734,11.0175]]]},"properties":{"name":"Funakaye","state":"Gombe","db":["Funakaye"]}},
{"type":"Feature","geometry":{"type":"Polygon","coordinates":[[[9.8301,7.5876],[9.7651,7.3204],[9.521,7.5475],[9.4381,7.4725],[9.2571,7.2733],[9.3134,7.0981],[9.3544,7.0835],[9.5992,7.0007],[9.738,7.0781],[9.8827,7.4143],[9.84,7.5793],[9.8301,7.5876]]]},"properties":{"name":"Katsina-Ala","state":"Benue","db":["Katsina-Ala"]}},
{"type":"Feature","geometry":{"type":"Polygon","coordinates":[[[4.7646,9.1499],[4.8761,9.1576],[4.9967,9.2074],[5.209,9.0351],[5.5486,8.9122],[5.7608,8.7736],[5.8117,8.8511],[5.4717,9.0131],[5.5071,9.1408],[5.3297,9.517],[5.221,9.5086],[4.9459,9.3558],[4.823,9.5539],[4.5679,9.5992],[4.6097,9.3618],[4.7646,9.1499]]]},"properties":{"name":"Mokwa","state":"Niger","db":["Mokwa"]}},
{"type":"Feature","geometry":{"type":"Polygon","coordinates":[[[7.3247,5.0907],[7.3182,5.0653],[7.3789,5.0813],[7.3247,5.0907]]]},"properties":{"name":"Aba South","state":"Abia","db":["Aba South"]}},
{"type":"Feature","geometry":{"type":"Polygon","coordinates":[[[5.8374,9.1316],[5.8303,9.1717],[5.5071,9.1408],[5.4717,9.0131],[5.8117,8.8511],[5.8381,8.9677],[5.8374,9.1316]]]},"properties":{"name":"Edati","state":"Niger","db":["Edatti"]}},
{"type":"Feature","geometry":{"type":"MultiPolygon","coordinates":[[[[3.9116,6.8744],[3.9377,6.8643],[3.9375,6.8808],[3.9116,6.8744]]],[[[3.6924,6.6828],[3.699,6.6841],[3.903,6.6816],[3.8939,6.8868],[3.7634,6.8922],[3.6914,6.7923],[3.6924,6.6828]]]]},"properties":{"name":"Odogbolu","state":"Ogun","db":["Odogbolu"]}},
{"type":"Feature","geometry":{"type":"Polygon","coordinates":[[[11.7761,9.7071],[11.8358,10.0339],[11.7546,10.0916],[11.5394,10.0216],[11.5335,10.0063],[11.5562,9.7249],[11.412,9.6577],[11.3739,9.5468],[11.4296,9.5496],[11.7761,9.7071]]]},"properties":{"name":"Balanga","state":"Gombe","db":["Balanga"]}},
{"type":"Feature","geometry":{"type":"Polygon","coordinates":[[[4.0915,6.8976],[3.9375,6.8808],[3.9377,6.8643],[3.9777,6.835],[4.0915,6.8976]]]},"properties":{"name":"Ijebu North East","state":"Ogun","db":["Ijebu North East"]}},
{"type":"Feature","geometry":{"type":"Polygon","coordinates":[[[8.0534,6.9734],[8.1646,6.9862],[8.2561,7.126],[8.1343,7.3755],[8.0768,7.6119],[7.8159,7.4088],[8.0209,7.3321],[7.9695,7.1063],[8.0534,6.9734]]]},"properties":{"name":"Oturkpo","state":"Benue","db":["Otukpo"]}},
{"type":"Feature","geometry":{"type":"Polygon","coordinates":[[[7.9701,5.7683],[8.0319,5.7984],[8.1138,5.9381],[8.0136,5.9937],[7.993,5.984],[7.9701,5.7683]]]},"properties":{"name":"Abi","state":"Cross River","db":["Abi"]}},
{"type":"Feature","geometry":{"type":"Polygon","coordinates":[[[7.2288,5.9328],[7.2028,5.921],[7.0435,5.9235],[7.0353,5.9019],[7.0466,5.8462],[7.0771,5.8315],[7.1098,5.8297],[7.1834,5.851],[7.1848,5.8309],[7.2058,5.7717],[7.234,5.8392],[7.2288,5.9328]]]},"properties":{"name":"Ideato North","state":"Imo","db":["Ideato North"]}},
{"type":"Feature","geometry":{"type":"Polygon","coordinates":[[[5.0063,7.392],[5.0046,7.4139],[4.9194,7.5215],[4.9126,7.5466],[4.8872,7.6896],[4.748,7.6789],[4.7841,7.6397],[4.8209,7.5678],[4.8449,7.3754],[5.0063,7.392]]]},"properties":{"name":"Oriade","state":"Osun","db":["Oriade"]}},
{"type":"Feature","geometry":{"type":"Polygon","coordinates":[[[5.184,13.52],[5.4814,13.4867],[5.5247,13.5648],[5.4199,13.8597],[5.1584,13.7432],[5.184,13.52]]]},"properties":{"name":"Illela","state":"Sokoto","db":["Illela"]}},
{"type":"Feature","geometry":{"type":"Polygon","coordinates":[[[7.0796,5.7187],[7.089,5.67],[7.1833,5.7133],[7.1894,5.7324],[7.1624,5.746],[7.0988,5.7295],[7.0796,5.7187]]]},"properties":{"name":"Nwangele","state":"Imo","db":["Nwangele"]}},
{"type":"Feature","geometry":{"type":"Polygon","coordinates":[[[4.5129,7.3534],[4.6702,7.4042],[4.6457,7.4452],[4.6135,7.5057],[4.4756,7.4758],[4.5129,7.3534]]]},"properties":{"name":"Ife East","state":"Osun","db":["Ife East"]}},
{"type":"Feature","geometry":{"type":"Polygon","coordinates":[[[9.1848,6.6933],[9.1711,6.6877],[9.1079,6.5077],[9.3463,6.4654],[9.2823,6.2199],[9.4674,6.4013],[9.4711,6.5249],[9.3037,6.7178],[9.1848,6.6933]]]},"properties":{"name":"Obanliku","state":"Cross River","db":["Obanliku"]}},
{"type":"Feature","geometry":{"type":"Polygon","coordinates":[[[7.234,5.8392],[7.2058,5.7717],[7.1894,5.7324],[7.1833,5.7133],[7.2473,5.736],[7.234,5.8392]]]},"properties":{"name":"Onuimo","state":"Imo","db":["Onuimo"]}},
{"type":"Feature","geometry":{"type":"Polygon","coordinates":[[[8.996,8.5184],[9.3553,8.483],[9.3263,9.1084],[9.3179,9.1207],[9.0797,9.0283],[9.0541,9.0249],[8.8921,8.7329],[8.996,8.5184]]]},"properties":{"name":"Qua'An Pan","state":"Plateau","db":["Qua'An Pan"]}},
{"type":"Feature","geometry":{"type":"Polygon","coordinates":[[[7.2643,5.2156],[7.3002,5.3412],[7.1713,5.4673],[7.0353,5.3285],[7.0266,5.2887],[7.0172,5.2799],[7.0063,5.2646],[7.0036,5.24],[7.2279,5.1948],[7.2643,5.2156]]]},"properties":{"name":"Ngor-Okpala","state":"Imo","db":["Ngor Okpala"]}},
{"type":"Feature","geometry":{"type":"Polygon","coordinates":[[[4.1257,7.3118],[3.9392,7.3785],[3.926,7.3375],[3.999,7.1266],[4.0884,7.1334],[4.082,7.2009],[4.1257,7.3118]]]},"properties":{"name":"Ona Ara","state":"Oyo","db":["Ona-Ara"]}},
{"type":"Feature","geometry":{"type":"Polygon","coordinates":[[[7.5552,6.9806],[7.5305,7.0323],[7.3668,7.0399],[7.3514,7.0334],[7.4845,6.92],[7.5552,6.9806]]]},"properties":{"name":"Igbo-Eze North","state":"Enugu","db":["Igbo Eze North"]}},
{"type":"Feature","geometry":{"type":"Polygon","coordinates":[[[8.1603,6.7611],[8.173,6.7733],[8.2945,6.6787],[8.6024,6.8495],[8.5141,7.0644],[8.4229,7.0525],[8.342,6.889],[8.1975,6.9089],[8.1603,6.7611]]]},"properties":{"name":"Oju","state":"Benue","db":["Oju"]}},
{"type":"Feature","geometry":{"type":"Polygon","coordinates":[[[4.8436,7.8632],[4.8095,7.9968],[4.7753,7.9683],[4.7479,7.9498],[4.7446,7.8852],[4.8436,7.8632]]]},"properties":{"name":"Boluwaduro","state":"Osun","db":["Boluwaduro"]}},
{"type":"Feature","geometry":{"type":"Polygon","coordinates":[[[6.405,12.9477],[6.6068,13.0466],[6.3273,13.1796],[6.1444,13.079],[6.405,12.9477]]]},"properties":{"name":"Shinkafi","state":"Zamfara","db":["Shinkafi"]}},
{"type":"Feature","geometry":{"type":"Polygon","coordinates":[[[6.9937,5.8952],[6.9334,5.8304],[6.9276,5.8066],[6.9817,5.7944],[7.0353,5.9019],[7.0435,5.9235],[7.0367,5.9167],[6.9937,5.8952]]]},"properties":{"name":"Orsu","state":"Imo","db":["Orsu"]}},
{"type":"Feature","geometry":{"type":"Polygon","coordinates":[[[6.9719,6.0287],[6.9987,6.0338],[7.0442,6.0524],[7.0767,6.1169],[7.0162,6.1684],[6.9793,6.132],[6.9635,6.0932],[6.9719,6.0287]]]},"properties":{"name":"Anaocha","state":"Anambra","db":["Anaocha"]}},
{"type":"Feature","geometry":{"type":"Polygon","coordinates":[[[8.9563,6.6365],[8.9902,6.6924],[8.9871,6.7362],[8.9234,6.8249],[8.81,6.692],[8.9563,6.6365]]]},"properties":{"name":"Bekwarra","state":"Cross River","db":["Bekwarra"]}},
{"type":"Feature","geometry":{"type":"Polygon","coordinates":[[[7.3391,6.0421],[7.261,5.9389],[7.3903,5.883],[7.5132,5.9244],[7.5302,6.006],[7.5128,6.0211],[7.4028,6.0147],[7.3391,6.0421]]]},"properties":{"name":"Umu-Nneochi","state":"Abia","db":["Umunneochi"]}},
{"type":"Feature","geometry":{"type":"Polygon","coordinates":[[[5.8526,7.094],[5.9094,7.2778],[5.9504,7.3445],[5.8469,7.3945],[5.6697,7.3001],[5.7269,7.1942],[5.5655,6.876],[5.7516,6.7816],[5.8526,7.094]]]},"properties":{"name":"Ose","state":"Ondo","db":["Ose"]}},
{"type":"Feature","geometry":{"type":"Polygon","coordinates":[[[6.8761,6.0551],[6.878,5.9774],[6.9437,6.0176],[6.8761,6.0551]]]},"properties":{"name":"Nnewi North","state":"Anambra","db":["Nnewi North"]}},
{"type":"Feature","geometry":{"type":"Polygon","coordinates":[[[5.773,7.7473],[5.6386,7.605],[5.6182,7.5639],[5.94,7.6451],[5.773,7.7473]]]},"properties":{"name":"Akoko North West","state":"Ondo","db":["Akoko North West"]}},
{"type":"Feature","geometry":{"type":"Polygon","coordinates":[[[4.7841,7.6397],[4.7083,7.5873],[4.7825,7.557],[4.8209,7.5678],[4.7841,7.6397]]]},"properties":{"name":"Ilesha East","state":"Osun","db":["Ilesa East"]}},
{"type":"Feature","geometry":{"type":"Polygon","coordinates":[[[6.9793,6.132],[7.0162,6.1684],[7.0295,6.2359],[7.0103,6.2411],[6.9534,6.1591],[6.9793,6.132]]]},"properties":{"name":"Njikoka","state":"Anambra","db":["Njikoka"]}},
{"type":"Feature","geometry":{"type":"Polygon","coordinates":[[[6.8166,5.2594],[6.9436,5.2286],[7.0036,5.24],[7.0063,5.2646],[7.0172,5.2799],[7.0266,5.2887],[6.9294,5.5425],[6.6584,5.6249],[6.7615,5.3159],[6.8166,5.2594]]]},"properties":{"name":"Ohaji/Egbema","state":"Imo","db":["Ohaji/Egbema"]}},
{"type":"Feature","geometry":{"type":"Polygon","coordinates":[[[11.1987,10.2897],[11.1853,10.313],[11.1213,10.311],[11.1987,10.2897]]]},"properties":{"name":"Gombe","state":"Gombe","db":["Gombe"]}},
{"type":"Feature","geometry":{"type":"Polygon","coordinates":[[[7.0419,5.4469],[7.0095,5.5255],[6.9747,5.4843],[7.0419,5.4469]]]},"properties":{"name":"Owerri Municipal","state":"Imo","db":["Owerri Municipal"]}},
{"type":"Feature","geometry":{"type":"Polygon","coordinates":[[[9.057,8.0776],[8.9591,8.2814],[8.5087,8.2608],[8.5127,8.1578],[8.7805,8.0752],[9.057,8.0776]]]},"properties":{"name":"Keana","state":"Nasarawa","db":["Keana"]}},
{"type":"Feature","geometry":{"type":"Polygon","coordinates":[[[7.9199,6.348],[8.0345,6.3732],[8.0625,6.7202],[7.8462,6.5983],[7.9199,6.348]]]},"properties":{"name":"Ohaukwu","state":"Ebonyi","db":["Ohaukwu"]}},
{"type":"Feature","geometry":{"type":"Polygon","coordinates":[[[5.4318,7.6937],[5.3672,7.6788],[5.3659,7.5485],[5.5405,7.5152],[5.6055,7.4732],[5.6103,7.4845],[5.6182,7.5639],[5.6386,7.605],[5.5617,7.7016],[5.4318,7.6937]]]},"properties":{"name":"Gbonyin","state":"Ekiti","db":["Gbonyin"]}},
{"type":"Feature","geometry":{"type":"Polygon","coordinates":[[[7.2261,5.6127],[7.2574,5.7305],[7.2473,5.736],[7.1833,5.7133],[7.089,5.67],[7.0809,5.6484],[7.1609,5.6204],[7.2109,5.5999],[7.2261,5.6127]]]},"properties":{"name":"Isiala Mbano","state":"Imo","db":["Isiala Mbano"]}},
{"type":"Feature","geometry":{"type":"Polygon","coordinates":[[[5.2584,7.7924],[5.1487,7.7707],[5.1028,7.7369],[5.1019,7.636],[5.1133,7.6367],[5.3672,7.6788],[5.4318,7.6937],[5.4013,7.7205],[5.2584,7.7924]]]},"properties":{"name":"Irepodun/Ifelodun","state":"Ekiti","db":["Irepodun / Ifelodun"]}},
{"type":"Feature","geometry":{"type":"Polygon","coordinates":[[[7.4152,5.571],[7.4259,5.5856],[7.3055,5.586],[7.3234,5.5433],[7.3855,5.5034],[7.4152,5.571]]]},"properties":{"name":"Obowo","state":"Imo","db":["Obowo"]}},
{"type":"Feature","geometry":{"type":"Polygon","coordinates":[[[7.5346,5.8347],[7.5132,5.9244],[7.3903,5.883],[7.3816,5.7056],[7.3929,5.6888],[7.4787,5.6857],[7.5346,5.8347]]]},"properties":{"name":"Isuikwuato","state":"Abia","db":["Isuikwuato"]}},
{"type":"Feature","geometry":{"type":"Polygon","coordinates":[[[8.4158,7.8],[8.3855,7.768],[8.4067,7.6428],[8.5236,7.5509],[8.6966,7.6611],[8.6813,7.8244],[8.4158,7.8]]]},"properties":{"name":"Makurdi","state":"Benue","db":["Makurdi"]}},
{"type":"Feature","geometry":{"type":"Polygon","coordinates":[[[9.1039,7.2094],[9.1916,7.3316],[8.9504,7.5184],[8.7559,7.5586],[8.6393,7.3565],[8.7764,7.1804],[8.9844,7.2842],[9.1039,7.2094]]]},"properties":{"name":"Gboko","state":"Benue","db":["Gboko"]}},
{"type":"Feature","geometry":{"type":"Polygon","coordinates":[[[4.4756,7.4758],[4.6135,7.5057],[4.5272,7.614],[4.5088,7.5991],[4.4774,7.5659],[4.4756,7.4758]]]},"properties":{"name":"Ife Central","state":"Osun","db":["Ife Central"]}},
{"type":"Feature","geometry":{"type":"Polygon","coordinates":[[[7.3629,5.4602],[7.3226,5.3955],[7.3006,5.3424],[7.51,5.3043],[7.5269,5.3035],[7.51,5.4312],[7.3629,5.4602]]]},"properties":{"name":"Isiala-Ngwa North","state":"Abia","db":["Isiala Ngwa North"]}},
{"type":"Feature","geometry":{"type":"Polygon","coordinates":[[[8.1445,5.6669],[8.3282,5.7292],[8.1733,5.974],[8.1138,5.9381],[8.0319,5.7984],[8.1445,5.6669]]]},"properties":{"name":"Yakurr","state":"Cross River","db":["Yakurr"]}},
{"type":"Feature","geometry":{"type":"Polygon","coordinates":[[[10.9601,9.6792],[11.2317,9.7922],[11.2475,9.9298],[11.2729,10.0023],[10.9776,9.8102],[10.9601,9.6792]]]},"properties":{"name":"Billiri","state":"Gombe","db":["Billiri"]}},
{"type":"Feature","geometry":{"type":"Polygon","coordinates":[[[6.8893,6.157],[6.9534,6.1591],[7.0103,6.2411],[6.9878,6.3049],[6.9667,6.2829],[6.8893,6.157]]]},"properties":{"name":"Dunukofia","state":"Anambra","db":["Dunukofia"]}},
{"type":"Feature","geometry":{"type":"Polygon","coordinates":[[[7.2561,5.078],[7.3073,5.0651],[7.3182,5.0653],[7.3247,5.0907],[7.368,5.1403],[7.3824,5.205],[7.271,5.2118],[7.2561,5.078]]]},"properties":{"name":"Osisioma Ngwa","state":"Abia","db":["Osisioma"]}},
{"type":"Feature","geometry":{"type":"Polygon","coordinates":[[[4.3296,7.6351],[4.3371,7.6684],[4.3204,7.7011],[4.0751,7.82],[4.0618,7.7501],[4.2479,7.6408],[4.3055,7.6205],[4.3296,7.6351]]]},"properties":{"name":"Ola Oluwa","state":"Osun","db":["Ola-Oluwa"]}},
{"type":"Feature","geometry":{"type":"Polygon","coordinates":[[[8.5043,9.0014],[8.5214,8.8706],[8.6175,8.817],[8.8362,8.8276],[8.9182,9.0171],[8.6578,9.2077],[8.5043,9.0014]]]},"properties":{"name":"Wamba","state":"Nasarawa","db":["Wamba"]}},
{"type":"Feature","geometry":{"type":"Polygon","coordinates":[[[4.7446,7.8852],[4.7479,7.9498],[4.6719,7.8591],[4.7446,7.8852]]]},"properties":{"name":"Boripe","state":"Osun","db":["Boripe"]}},
{"type":"Feature","geometry":{"type":"Polygon","coordinates":[[[8.81,6.692],[8.9234,6.8249],[8.6024,6.8495],[8.2945,6.6787],[8.4312,6.4568],[8.5203,6.437],[8.81,6.692]]]},"properties":{"name":"Yala","state":"Cross River","db":["Yala"]}},
{"type":"Feature","geometry":{"type":"Polygon","coordinates":[[[7.0367,5.9167],[7.0435,5.9235],[7.2028,5.921],[7.1385,6.0052],[7.0442,6.0524],[6.9987,6.0338],[7.0367,5.9167]]]},"properties":{"name":"Aguata","state":"Anambra","db":["Aguata"]}},
{"type":"Feature","geometry":{"type":"Polygon","coordinates":[[[8.3624,5.0346],[8.3016,4.9871],[8.3558,4.9867],[8.3624,5.0346]]]},"properties":{"name":"Calabar Municipal","state":"Cross River","db":["Calabar Municipality"]}},
{"type":"Feature","geometry":{"type":"Polygon","coordinates":[[[6.7906,6.1317],[6.8053,6.1216],[6.8203,6.1692],[6.8084,6.2051],[6.7859,6.2065],[6.7626,6.1856],[6.7648,6.1558],[6.7906,6.1317]]]},"properties":{"name":"Onitsha North","state":"Anambra","db":["Onitsha-North"]}},
{"type":"Feature","geometry":{"type":"Polygon","coordinates":[[[9.7977,7.6147],[9.6431,7.7999],[9.3866,7.8447],[9.521,7.5475],[9.7651,7.3204],[9.8301,7.5876],[9.7977,7.6147]]]},"properties":{"name":"Ukum","state":"Benue","db":["Ukum"]}},
{"type":"Feature","geometry":{"type":"Polygon","coordinates":[[[6.1444,13.079],[6.3273,13.1796],[6.6068,13.0466],[6.7928,13.1323],[6.6531,13.3709],[6.535,13.3059],[6.2115,13.3045],[6.0565,13.3942],[6.0233,13.0854],[6.0469,13.0312],[6.1444,13.079]]]},"properties":{"name":"Isa","state":"Sokoto","db":["Isa"]}},
{"type":"Feature","geometry":{"type":"Polygon","coordinates":[[[4.6052,6.4922],[4.5825,6.6422],[4.3785,6.6422],[4.2359,6.5782],[4.3597,6.3678],[4.4832,6.3261],[4.6052,6.4922]]]},"properties":{"name":"Ogun Waterside","state":"Ogun","db":["Ogun Water Side"]}},
{"type":"Feature","geometry":{"type":"Polygon","coordinates":[[[4.6719,7.8591],[4.7479,7.9498],[4.7753,7.9683],[4.5768,7.9641],[4.5687,7.9378],[4.664,7.8411],[4.6719,7.8591]]]},"properties":{"name":"Ifelodun","state":"Osun","db":["Ifelodun"]}},
{"type":"Feature","geometry":{"type":"Polygon","coordinates":[[[7.8804,5.3668],[7.9135,5.5238],[7.9129,5.5251],[7.707,5.6424],[7.7341,5.5178],[7.8804,5.3668]]]},"properties":{"name":"Arochukwu","state":"Abia","db":["Arochukwu"]}},
{"type":"Feature","geometry":{"type":"Polygon","coordinates":[[[3.9777,6.835],[3.9377,6.8643],[3.9116,6.8744],[3.8939,6.8868],[3.903,6.6816],[4.085,6.6798],[3.9777,6.835]]]},"properties":{"name":"Ijebu Ode","state":"Ogun","db":["Ijebu Ode"]}},
{"type":"Feature","geometry":{"type":"Polygon","coordinates":[[[12.4188,12.5244],[12.2832,12.4095],[12.2364,12.1373],[12.2741,11.9774],[12.4677,11.9162],[12.6837,11.9977],[12.9082,11.8916],[13.0706,12.0423],[13.1546,12.1893],[13.1357,12.3664],[12.8698,12.3081],[12.7532,12.4126],[12.4188,12.5244]]]},"properties":{"name":"Magumeri","state":"Borno","db":["Magumeri"]}},
{"type":"Feature","geometry":{"type":"Polygon","coordinates":[[[8.7989,6.0647],[8.9916,5.935],[9.2823,6.2199],[9.3463,6.4654],[9.1079,6.5077],[9.0018,6.537],[8.7837,6.5471],[8.717,6.3772],[8.7989,6.0647]]]},"properties":{"name":"Boki","state":"Cross River","db":["Boki"]}},
{"type":"Feature","geometry":{"type":"Polygon","coordinates":[[[11.5227,10.6615],[11.3143,10.5283],[11.1721,10.6604],[10.9314,10.6205],[10.8729,10.3845],[11.1213,10.311],[11.1853,10.313],[11.2239,10.3408],[11.2739,10.3403],[11.5218,10.569],[11.5227,10.6615]]]},"properties":{"name":"Kwami","state":"Gombe","db":["Kwami"]}},
{"type":"Feature","geometry":{"type":"Polygon","coordinates":[[[5.6582,7.8279],[5.5617,7.7016],[5.6386,7.605],[5.773,7.7473],[5.7373,7.8211],[5.6582,7.8279]]]},"properties":{"name":"Ekiti East","state":"Ekiti","db":["Ekiti East"]}},
{"type":"Feature","geometry":{"type":"Polygon","coordinates":[[[4.3349,8.9808],[4.195,8.8163],[4.4791,8.5614],[4.6021,8.5365],[4.8808,8.7464],[4.7813,8.9216],[4.8904,9.0568],[4.8761,9.1576],[4.7646,9.1499],[4.3349,8.9808]]]},"properties":{"name":"Moro","state":"Kwara","db":["Moro"]}},
{"type":"Feature","geometry":{"type":"Polygon","coordinates":[[[7.3855,5.5034],[7.3234,5.5433],[7.2844,5.4908],[7.3226,5.3955],[7.3629,5.4602],[7.3855,5.5034]]]},"properties":{"name":"Ezinihitte","state":"Imo","db":["Ezinihitte Mbaise"]}},
{"type":"Feature","geometry":{"type":"Polygon","coordinates":[[[14.265,11.7865],[14.2345,11.621],[14.4993,11.4351],[14.5886,11.6922],[14.678,12.1641],[14.4682,12.3581],[14.321,12.3711],[14.4267,12.2003],[14.3159,12.0909],[14.265,11.7865]]]},"properties":{"name":"Kala Balge","state":"Borno","db":["Kala Balge"]}},
{"type":"Feature","geometry":{"type":"Polygon","coordinates":[[[9.3355,7.9855],[9.4154,8.0619],[9.3633,8.3405],[9.6168,8.3718],[9.3553,8.483],[8.996,8.5184],[8.9557,8.4062],[8.9591,8.2814],[9.057,8.0776],[9.1344,7.9886],[9.1791,7.9081],[9.3355,7.9855]]]},"properties":{"name":"Awe","state":"Nasarawa","db":["Awe"]}},
{"type":"Feature","geometry":{"type":"Polygon","coordinates":[[[4.429,7.8893],[4.4792,7.8374],[4.5222,7.9556],[4.429,7.8893]]]},"properties":{"name":"Orolu","state":"Osun","db":["Orolu"]}},
{"type":"Feature","geometry":{"type":"Polygon","coordinates":[[[8.4007,6.2166],[8.1733,5.974],[8.3282,5.7292],[8.5744,5.6427],[8.5989,5.8264],[8.4733,5.9329],[8.4261,6.2193],[8.5114,6.3556],[8.4442,6.3893],[8.3917,6.3065],[8.4007,6.2166]]]},"properties":{"name":"Obubra","state":"Cross River","db":["Obubra"]}},
{"type":"Feature","geometry":{"type":"Polygon","coordinates":[[[6.2567,7.2077],[6.4322,7.4023],[6.2921,7.5004],[6.2253,7.4684],[6.1124,7.4487],[6.1583,7.5283],[6.1336,7.5521],[6.0987,7.5882],[6.0041,7.5292],[5.9512,7.5012],[5.9504,7.3445],[5.9094,7.2778],[6.1803,7.1128],[6.2567,7.2077]]]},"properties":{"name":"Akoko-Edo","state":"Edo","db":["Akoko Edo"]}},
{"type":"Feature","geometry":{"type":"Polygon","coordinates":[[[4.6066,7.7873],[4.5368,7.7953],[4.4811,7.746],[4.5781,7.7146],[4.6103,7.7523],[4.6066,7.7873]]]},"properties":{"name":"Osogbo","state":"Osun","db":["Osogbo"]}},
{"type":"Feature","geometry":{"type":"Polygon","coordinates":[[[5.3882,7.2832],[5.4675,7.3018],[5.5405,7.5152],[5.3659,7.5485],[5.3279,7.567],[5.3222,7.4364],[5.3882,7.2832]]]},"properties":{"name":"Ise/Orun","state":"Ekiti","db":["Ise / Orun"]}},
{"type":"Feature","geometry":{"type":"MultiPolygon","coordinates":[[[[7.0295,5.6501],[7.0021,5.6854],[7.0103,5.6497],[7.0295,5.6501]]],[[[7.0028,5.6979],[7.0633,5.7364],[6.9808,5.7768],[7.0028,5.6979]]]]},"properties":{"name":"Njaba","state":"Imo","db":["Njaba"]}},
{"type":"Feature","geometry":{"type":"Polygon","coordinates":[[[8.1975,6.9089],[8.342,6.889],[8.4229,7.0525],[8.2561,7.126],[8.1646,6.9862],[8.1975,6.9089]]]},"properties":{"name":"Obi","state":"Benue","db":["Obi"]}},
{"type":"Feature","geometry":{"type":"Polygon","coordinates":[[[9.3134,7.0981],[9.2571,7.2733],[9.4381,7.4725],[9.2673,7.4588],[9.1527,7.5972],[8.9802,7.679],[8.9504,7.5184],[9.1916,7.3316],[9.1039,7.2094],[9.3134,7.0981]]]},"properties":{"name":"Buruku","state":"Benue","db":["Buruku"]}},
{"type":"Feature","geometry":{"type":"Polygon","coordinates":[[[9.0018,6.537],[9.1079,6.5077],[9.1711,6.6877],[8.9902,6.6924],[8.9563,6.6365],[9.0018,6.537]]]},"properties":{"name":"Obudu","state":"Cross River","db":["Obudu"]}},
{"type":"Feature","geometry":{"type":"Polygon","coordinates":[[[7.1135,5.8111],[7.1098,5.8297],[7.0771,5.8315],[7.0466,5.8462],[7.0353,5.9019],[6.9817,5.7944],[6.9808,5.7768],[7.0633,5.7364],[7.0764,5.7344],[7.1135,5.8111]]]},"properties":{"name":"Orlu","state":"Imo","db":["Orlu"]}},
{"type":"Feature","geometry":{"type":"Polygon","coordinates":[[[4.2479,7.6408],[4.0618,7.7501],[4.0758,7.653],[4.1416,7.5932],[4.2479,7.6408]]]},"properties":{"name":"Iwo","state":"Osun","db":["Iwo"]}},
{"type":"Feature","geometry":{"type":"Polygon","coordinates":[[[7.1602,6.3034],[7.0318,6.4508],[6.9533,6.4198],[6.9878,6.3049],[7.0103,6.2411],[7.0295,6.2359],[7.1387,6.2111],[7.1506,6.2286],[7.1602,6.3034]]]},"properties":{"name":"Awka North","state":"Anambra","db":["Awka North"]}},
{"type":"Feature","geometry":{"type":"Polygon","coordinates":[[[8.7678,7.6533],[8.7559,7.5586],[8.9504,7.5184],[8.9802,7.679],[8.7678,7.6533]]]},"properties":{"name":"Tarka","state":"Benue","db":["Tarka"]}},
{"type":"Feature","geometry":{"type":"Polygon","coordinates":[[[7.5295,5.48],[7.5713,5.5032],[7.4787,5.6857],[7.3929,5.6888],[7.4259,5.5856],[7.4152,5.571],[7.5295,5.48]]]},"properties":{"name":"Umuahia North","state":"Abia","db":["Umuahia North"]}},
{"type":"Feature","geometry":{"type":"Polygon","coordinates":[[[4.569,8.0548],[4.5531,7.9753],[4.5768,7.9641],[4.7753,7.9683],[4.8095,7.9968],[4.8088,8.0617],[4.7993,8.0651],[4.569,8.0548]]]},"properties":{"name":"Odo Otin","state":"Osun","db":["Odo-Otin"]}},
{"type":"Feature","geometry":{"type":"Polygon","coordinates":[[[6.8678,5.9339],[6.801,5.9272],[6.8008,5.7846],[6.8465,5.7658],[6.9334,5.8304],[6.9937,5.8952],[6.8678,5.9339]]]},"properties":{"name":"Ihiala","state":"Anambra","db":["Ihala"]}},
{"type":"Feature","geometry":{"type":"Polygon","coordinates":[[[4.6629,7.6886],[4.7083,7.5873],[4.7841,7.6397],[4.748,7.6789],[4.6629,7.6886]]]},"properties":{"name":"Ilesha West","state":"Osun","db":["Ilesa West"]}},
{"type":"Feature","geometry":{"type":"Polygon","coordinates":[[[11.412,9.6577],[11.5562,9.7249],[11.5335,10.0063],[11.2729,10.0023],[11.2475,9.9298],[11.412,9.6577]]]},"properties":{"name":"Kaltungo","state":"Gombe","db":["Kaltungo"]}},
{"type":"Feature","geometry":{"type":"Polygon","coordinates":[[[4.5222,7.9556],[4.4792,7.8374],[4.5356,7.8601],[4.5687,7.9378],[4.5768,7.9641],[4.5531,7.9753],[4.5222,7.9556]]]},"properties":{"name":"Irepodun","state":"Osun","db":["Irepodun"]}},
{"type":"Feature","geometry":{"type":"Polygon","coordinates":[[[8.1368,6.3571],[8.173,6.7733],[8.1603,6.7611],[8.0625,6.7202],[8.0345,6.3732],[8.0856,6.324],[8.1368,6.3571]]]},"properties":{"name":"Ebonyi","state":"Ebonyi","db":["Ebonyi"]}},
{"type":"Feature","geometry":{"type":"Polygon","coordinates":[[[8.2406,8.5079],[8.4996,8.4046],[8.7061,8.482],[8.9557,8.4062],[8.996,8.5184],[8.8921,8.7329],[9.0541,9.0249],[8.9182,9.0171],[8.8362,8.8276],[8.6175,8.817],[8.6783,8.7077],[8.2411,8.553],[8.1683,8.5862],[8.2406,8.5079]]]},"properties":{"name":"Lafia","state":"Nasarawa","db":["Lafia"]}},
{"type":"Feature","geometry":{"type":"Polygon","coordinates":[[[4.0884,7.1334],[3.999,7.1266],[3.8256,7.0828],[3.7617,6.9459],[3.7634,6.8922],[3.8939,6.8868],[3.9116,6.8744],[3.9375,6.8808],[4.0915,6.8976],[4.3428,7.068],[4.0884,7.1334]]]},"properties":{"name":"Ijebu North","state":"Ogun","db":["Ijebu North"]}},
{"type":"Feature","geometry":{"type":"Polygon","coordinates":[[[6.2115,5.6217],[6.3256,5.6379],[6.4347,5.684],[6.4792,5.9853],[6.3192,6.0186],[6.2566,6.0167],[6.2438,5.9674],[6.3746,5.8015],[6.1668,5.7265],[6.2115,5.6217]]]},"properties":{"name":"Ndokwa West","state":"Delta","db":["Ndokwa West"]}},
{"type":"Feature","geometry":{"type":"Polygon","coordinates":[[[7.2109,5.5999],[7.1609,5.6204],[7.0785,5.524],[7.1666,5.4888],[7.2102,5.5118],[7.2109,5.5999]]]},"properties":{"name":"Ikeduru","state":"Imo","db":["Ikeduru"]}},
{"type":"Feature","geometry":{"type":"Polygon","coordinates":[[[6.1223,7.6823],[6.0987,7.5882],[6.1336,7.5521],[6.1893,7.5753],[6.2868,7.5939],[6.6164,7.8592],[6.3153,7.8333],[6.1223,7.6823]]]},"properties":{"name":"Okehi","state":"Kogi","db":["Okehi"]}},
{"type":"Feature","geometry":{"type":"Polygon","coordinates":[[[11.5218,10.569],[11.2739,10.3403],[11.2239,10.3408],[11.1853,10.313],[11.1987,10.2897],[11.3307,10.0787],[11.5394,10.0216],[11.7546,10.0916],[11.6868,10.1899],[11.5435,10.3421],[11.5833,10.5939],[11.5218,10.569]]]},"properties":{"name":"Yamaltu/Deba","state":"Gombe","db":["Yalmaltu/ Deba"]}},
{"type":"Feature","geometry":{"type":"Polygon","coordinates":[[[5.5405,7.5152],[5.4675,7.3018],[5.5044,7.3162],[5.6055,7.4732],[5.5405,7.5152]]]},"properties":{"name":"Emure","state":"Ekiti","db":["Emure"]}},
{"type":"Feature","geometry":{"type":"Polygon","coordinates":[[[5.3222,7.4364],[5.3279,7.567],[5.1719,7.5402],[5.0862,7.4563],[5.1924,7.4369],[5.3222,7.4364]]]},"properties":{"name":"Ikere","state":"Ekiti","db":["Ikere"]}},
{"type":"Feature","geometry":{"type":"Polygon","coordinates":[[[6.9692,5.5606],[6.9552,5.6266],[6.9116,5.6502],[6.8465,5.7658],[6.8008,5.7846],[6.6689,5.6899],[6.6584,5.6249],[6.9294,5.5425],[6.9692,5.5606]]]},"properties":{"name":"Oguta","state":"Imo","db":["Oguta"]}},
{"type":"Feature","geometry":{"type":"Polygon","coordinates":[[[8.7764,7.1804],[8.6393,7.3565],[8.5135,7.3069],[8.5141,7.0644],[8.6024,6.8495],[8.9234,6.8249],[8.9871,6.7362],[8.9965,6.9623],[8.7764,7.1804]]]},"properties":{"name":"Konshisha","state":"Benue","db":["Konshisha"]}},
{"type":"Feature","geometry":{"type":"Polygon","coordinates":[[[4.3711,7.8487],[4.2763,7.9712],[4.0902,7.8601],[4.0751,7.82],[4.3204,7.7011],[4.3711,7.8487]]]},"properties":{"name":"Ejigbo","state":"Osun","db":["Ejigbo"]}},
{"type":"Feature","geometry":{"type":"Polygon","coordinates":[[[8.0265,7.7027],[8.0768,7.6119],[8.1343,7.3755],[8.4067,7.6428],[8.3855,7.768],[8.2152,7.8346],[8.0265,7.7027]]]},"properties":{"name":"Gwer West","state":"Benue","db":["Gwer West"]}},
{"type":"Feature","geometry":{"type":"Polygon","coordinates":[[[8.5989,5.8264],[8.5744,5.6427],[8.8531,5.7449],[8.9916,5.935],[8.7989,6.0647],[8.7795,5.934],[8.5989,5.8264]]]},"properties":{"name":"Etung","state":"Cross River","db":["Etung"]}},
{"type":"Feature","geometry":{"type":"Polygon","coordinates":[[[6.7775,6.0565],[6.801,5.9272],[6.8678,5.9339],[6.878,5.9774],[6.8761,6.0551],[6.7775,6.0565]]]},"properties":{"name":"Ekwusigo","state":"Anambra","db":["Ekwusigo"]}},
{"type":"Feature","geometry":{"type":"Polygon","coordinates":[[[4.947,7.9022],[5.1028,7.7369],[5.1487,7.7707],[5.1002,7.9376],[5.0203,7.9609],[4.947,7.9022]]]},"properties":{"name":"Ijero","state":"Ekiti","db":["Ijero"]}},
{"type":"Feature","geometry":{"type":"Polygon","coordinates":[[[7.3789,5.0813],[7.3182,5.0653],[7.3073,5.0651],[7.298,4.9571],[7.4264,5.0297],[7.3932,5.0764],[7.3789,5.0813]]]},"properties":{"name":"Ugwunagbo","state":"Abia","db":["Ugwunagbo"]}},
{"type":"Feature","geometry":{"type":"Polygon","coordinates":[[[4.664,7.8411],[4.5687,7.9378],[4.5356,7.8601],[4.5368,7.7953],[4.6066,7.7873],[4.664,7.8411]]]},"properties":{"name":"Olorunda","state":"Osun","db":["Olorunda"]}},
{"type":"Feature","geometry":{"type":"Polygon","coordinates":[[[8.1683,8.5862],[8.2411,8.553],[8.6783,8.7077],[8.6175,8.817],[8.5214,8.8706],[8.2267,8.8388],[8.1683,8.5862]]]},"properties":{"name":"Nasarawa Egon","state":"Nasarawa","db":["Nasarawa Eggon"]}},
{"type":"Feature","geometry":{"type":"Polygon","coordinates":[[[4.5399,7.6571],[4.5781,7.7146],[4.4811,7.746],[4.3952,7.7304],[4.5399,7.6571]]]},"properties":{"name":"Ede North","state":"Osun","db":["Ede North"]}},
{"type":"Feature","geometry":{"type":"Polygon","coordinates":[[[7.8531,5.9676],[7.7274,5.9077],[7.684,5.8223],[7.725,5.8164],[7.8901,5.6848],[7.9162,5.7481],[7.8531,5.9676]]]},"properties":{"name":"Afikpo South","state":"Ebonyi","db":["Afikpo  South"]}},
{"type":"Feature","geometry":{"type":"Polygon","coordinates":[[[6.9334,5.8304],[6.8465,5.7658],[6.9116,5.6502],[6.9276,5.8066],[6.9334,5.8304]]]},"properties":{"name":"Oru West","state":"Imo","db":["Oru West"]}},
{"type":"Feature","geometry":{"type":"Polygon","coordinates":[[[6.8086,6.5894],[6.8546,6.4048],[6.7859,6.2065],[6.8084,6.2051],[6.9667,6.2829],[6.9878,6.3049],[6.9533,6.4198],[6.9393,6.7033],[6.861,6.7534],[6.8086,6.5894]]]},"properties":{"name":"Anambra East","state":"Anambra","db":["Anambra East"]}},
{"type":"Feature","geometry":{"type":"Polygon","coordinates":[[[9.1625,6.9431],[8.9965,6.9623],[8.9871,6.7362],[8.9902,6.6924],[9.1711,6.6877],[9.1848,6.6933],[9.1625,6.9431]]]},"properties":{"name":"Vandeikya","state":"Benue","db":["Vandeikya"]}},
{"type":"Feature","geometry":{"type":"Polygon","coordinates":[[[4.5272,7.614],[4.6135,7.5057],[4.6457,7.4452],[4.7825,7.557],[4.7083,7.5873],[4.6629,7.6886],[4.6103,7.7523],[4.5781,7.7146],[4.5399,7.6571],[4.5272,7.614]]]},"properties":{"name":"Atakunmosa West","state":"Osun","db":["Atakumosa West"]}},
{"type":"Feature","geometry":{"type":"Polygon","coordinates":[[[6.7579,6.1349],[6.7197,5.9962],[6.6019,5.6875],[6.6689,5.6899],[6.8008,5.7846],[6.801,5.9272],[6.7775,6.0565],[6.8125,6.0937],[6.8053,6.1216],[6.7906,6.1317],[6.7579,6.1349]]]},"properties":{"name":"Ogbaru","state":"Anambra","db":["Ogbaru"]}},
{"type":"Feature","geometry":{"type":"Polygon","coordinates":[[[7.6581,5.4462],[7.5713,5.5032],[7.5295,5.48],[7.51,5.4312],[7.5269,5.3035],[7.5394,5.2949],[7.6667,5.3469],[7.6581,5.4462]]]},"properties":{"name":"Ikwuano","state":"Abia","db":["Ikwuano"]}},
{"type":"Feature","geometry":{"type":"Polygon","coordinates":[[[7.863,8.9231],[7.7886,8.8887],[7.784,8.7605],[7.8928,8.7973],[7.863,8.9231]]]},"properties":{"name":"Keffi","state":"Nasarawa","db":["Keffi"]}},
{"type":"Feature","geometry":{"type":"Polygon","coordinates":[[[6.2978,7.5336],[6.7103,7.7865],[6.6164,7.8592],[6.2868,7.5939],[6.1893,7.5753],[6.2978,7.5336]]]},"properties":{"name":"Adavi","state":"Kogi","db":["Adavi"]}},
{"type":"Feature","geometry":{"type":"Polygon","coordinates":[[[7.0103,5.6497],[7.0021,5.6854],[7.0028,5.6979],[6.9808,5.7768],[6.9817,5.7944],[6.9276,5.8066],[6.9116,5.6502],[6.9552,5.6266],[7.0103,5.6497]]]},"properties":{"name":"Oru East","state":"Imo","db":["Oru-East"]}},
{"type":"Feature","geometry":{"type":"Polygon","coordinates":[[[3.8256,7.0828],[3.726,7.0859],[3.6462,6.9902],[3.7617,6.9459],[3.8256,7.0828]]]},"properties":{"name":"Remo North","state":"Ogun","db":["Remo North"]}},
{"type":"Feature","geometry":{"type":"Polygon","coordinates":[[[7.5531,8.7623],[7.9001,8.6436],[7.8928,8.7973],[7.784,8.7605],[7.7886,8.8887],[7.863,8.9231],[8.0708,9.1546],[8.0872,9.2307],[7.9406,9.3142],[7.9191,9.3174],[7.7241,9.3293],[7.5892,9.1009],[7.5531,8.7623]]]},"properties":{"name":"Karu","state":"Nasarawa","db":["Karu"]}},
{"type":"Feature","geometry":{"type":"Polygon","coordinates":[[[3.6914,6.7923],[3.7634,6.8922],[3.7617,6.9459],[3.6462,6.9902],[3.5874,6.9055],[3.6914,6.7923]]]},"properties":{"name":"Ikenne","state":"Ogun","db":["Ikenne"]}},
{"type":"Feature","geometry":{"type":"Polygon","coordinates":[[[4.999,8.0303],[4.8088,8.0617],[4.8095,7.9968],[4.8436,7.8632],[4.9219,7.8619],[4.9463,7.9018],[4.999,8.0303]]]},"properties":{"name":"Ila","state":"Osun","db":["Ila"]}},
{"type":"Feature","geometry":{"type":"Polygon","coordinates":[[[8.2152,7.8346],[8.3855,7.768],[8.4158,7.8],[8.3711,8.0463],[8.5127,8.1578],[8.5087,8.2608],[8.4996,8.4046],[8.2406,8.5079],[8.1474,8.469],[7.9845,8.0249],[8.0408,7.8964],[8.2152,7.8346]]]},"properties":{"name":"Doma","state":"Nasarawa","db":["Doma"]}},
{"type":"Feature","geometry":{"type":"Polygon","coordinates":[[[10.9817,11.1788],[11.0085,11.1491],[11.2455,10.801],[11.3638,10.8397],[11.3911,11.0902],[11.0919,11.2261],[10.9817,11.1788]]]},"properties":{"name":"Nafada","state":"Gombe","db":["Nafada"]}},
{"type":"Feature","geometry":{"type":"Polygon","coordinates":[[[8.6966,7.6611],[8.5236,7.5509],[8.4067,7.6428],[8.1343,7.3755],[8.2561,7.126],[8.4229,7.0525],[8.5141,7.0644],[8.5135,7.3069],[8.6393,7.3565],[8.7559,7.5586],[8.7678,7.6533],[8.6966,7.6611]]]},"properties":{"name":"Gwer East","state":"Benue","db":["Gwer East"]}},
{"type":"Feature","geometry":{"type":"Polygon","coordinates":[[[4.8872,7.6896],[4.9126,7.5466],[4.9158,7.8027],[4.8872,7.6896]]]},"properties":{"name":"Efon","state":"Ekiti","db":["Efon"]}},
{"type":"Feature","geometry":{"type":"Polygon","coordinates":[[[7.3055,5.586],[7.4259,5.5856],[7.3929,5.6888],[7.3816,5.7056],[7.364,5.7005],[7.3027,5.601],[7.3055,5.586]]]},"properties":{"name":"Ihitte/Uboma","state":"Imo","db":["Ihitte/Uboma"]}},
{"type":"Feature","geometry":{"type":"Polygon","coordinates":[[[4.9463,7.9018],[4.9219,7.8619],[4.9158,7.8027],[4.9126,7.5466],[4.9194,7.5215],[5.1019,7.636],[5.1028,7.7369],[4.947,7.9022],[4.9463,7.9018]]]},"properties":{"name":"Ekiti West","state":"Ekiti","db":["Ekiti West"]}},
{"type":"Feature","geometry":{"type":"Polygon","coordinates":[[[2.8702,8.2594],[3.2516,8.3706],[3.3614,8.3094],[3.6877,8.4056],[3.8567,8.3271],[3.9314,8.469],[3.8742,8.5542],[3.686,8.4318],[3.5321,8.5859],[3.2133,8.5076],[2.9579,8.509],[2.7247,8.4314],[2.7464,8.2287],[2.8702,8.2594]]]},"properties":{"name":"Atisbo","state":"Oyo","db":["Atisbo"]}},
{"type":"Feature","geometry":{"type":"Polygon","coordinates":[[[7.0988,5.7295],[7.0764,5.7344],[7.0633,5.7364],[7.0028,5.6979],[7.0021,5.6854],[7.0295,5.6501],[7.0809,5.6484],[7.089,5.67],[7.0796,5.7187],[7.0988,5.7295]]]},"properties":{"name":"Isu","state":"Imo","db":["Isu"]}},
{"type":"Feature","geometry":{"type":"Polygon","coordinates":[[[7.6881,6.8527],[7.7119,6.8609],[7.7737,7.0292],[7.7101,7.1831],[7.5305,7.0323],[7.5552,6.9806],[7.6881,6.8527]]]},"properties":{"name":"Ogbadibo","state":"Benue","db":["Ogbadibo"]}},
{"type":"Feature","geometry":{"type":"Polygon","coordinates":[[[4.8449,7.3754],[4.8209,7.5678],[4.7825,7.557],[4.6457,7.4452],[4.6702,7.4042],[4.7455,7.3138],[4.8449,7.3754]]]},"properties":{"name":"Atakunmosa East","state":"Osun","db":["Atakumosa East"]}},
{"type":"Feature","geometry":{"type":"Polygon","coordinates":[[[8.1553,9.0415],[8.2267,8.8388],[8.5214,8.8706],[8.5043,9.0014],[8.3873,9.1757],[8.1553,9.0415]]]},"properties":{"name":"Akwanga","state":"Nasarawa","db":["Akwanga"]}},
{"type":"Feature","geometry":{"type":"Polygon","coordinates":[[[6.0922,10.5218],[5.9992,10.0704],[5.8493,9.7927],[6.138,9.8129],[6.2344,9.8935],[6.4976,9.8959],[6.5596,9.9846],[6.3643,10.2559],[6.5508,10.391],[6.5403,10.5452],[6.4024,10.5744],[6.2357,10.3848],[6.0922,10.5218]]]},"properties":{"name":"Rafi","state":"Niger","db":["Rafi"]}},
{"type":"Feature","geometry":{"type":"Polygon","coordinates":[[[8.3968,5.1265],[8.1621,5.3079],[8.0586,5.2734],[7.9135,5.5238],[7.8804,5.3668],[7.8422,5.3358],[7.9798,5.2072],[8.0839,5.1255],[8.1613,4.9693],[8.1959,4.9544],[8.2224,4.9345],[8.3016,4.9871],[8.3624,5.0346],[8.3968,5.1265]]]},"properties":{"name":"Odukpani","state":"Cross River","db":["Odukpani"]}},
{"type":"Feature","geometry":{"type":"Polygon","coordinates":[[[6.2012,9.4618],[6.1896,9.5122],[5.9123,9.5019],[5.8303,9.1717],[5.8374,9.1316],[6.1258,9.078],[6.2012,9.4618]]]},"properties":{"name":"Gbako","state":"Niger","db":["Gbako"]}},
{"type":"Feature","geometry":{"type":"Polygon","coordinates":[[[6.1668,5.7265],[6.3746,5.8015],[6.2438,5.9674],[6.1209,5.8397],[6.1497,5.7557],[6.1668,5.7265]]]},"properties":{"name":"Ukwuani","state":"Delta","db":["Ukwuani"]}},
{"type":"Feature","geometry":{"type":"Polygon","coordinates":[[[7.1387,6.2111],[7.0295,6.2359],[7.0162,6.1684],[7.0767,6.1169],[7.1387,6.2111]]]},"properties":{"name":"Awka South","state":"Anambra","db":["Awka South"]}},
{"type":"Feature","geometry":{"type":"Polygon","coordinates":[[[7.0921,9.2106],[7.2072,9.2478],[7.2323,9.3177],[7.219,9.4927],[7.0394,9.3875],[6.8555,9.3996],[6.7236,9.2891],[6.7881,9.2702],[7.0301,9.2577],[7.0921,9.2106]]]},"properties":{"name":"Gurara","state":"Niger","db":["Gurara"]}},
{"type":"Feature","geometry":{"type":"Polygon","coordinates":[[[5.1677,10.2839],[5.457,10.1943],[5.7171,10.2369],[5.5997,10.6785],[5.3437,10.6192],[5.3549,10.4143],[5.1677,10.2839]]]},"properties":{"name":"Kontagora","state":"Niger","db":["Kontagora"]}},
{"type":"Feature","geometry":{"type":"Polygon","coordinates":[[[5.5814,9.7023],[5.8493,9.7927],[5.9992,10.0704],[5.7171,10.2369],[5.457,10.1943],[5.1677,10.2839],[4.9287,10.1642],[4.9039,9.9843],[4.7366,9.9761],[4.6212,9.8191],[4.5679,9.5992],[4.823,9.5539],[4.9459,9.3558],[5.221,9.5086],[5.4339,9.8043],[5.5814,9.7023]]]},"properties":{"name":"Mashegu","state":"Niger","db":["Mashegu"]}},
{"type":"Feature","geometry":{"type":"Polygon","coordinates":[[[5.9123,9.5019],[6.1896,9.5122],[6.2344,9.8935],[6.138,9.8129],[5.8493,9.7927],[5.5814,9.7023],[5.7983,9.4822],[5.9123,9.5019]]]},"properties":{"name":"Wushishi","state":"Niger","db":["Wushishi"]}},
{"type":"Feature","geometry":{"type":"Polygon","coordinates":[[[6.5403,10.5452],[6.5508,10.391],[6.3643,10.2559],[6.5596,9.9846],[6.4976,9.8959],[6.6218,9.5398],[6.8468,9.5331],[6.8471,9.9231],[6.9012,10.0764],[7.0508,10.3171],[6.803,10.6432],[6.7198,10.6435],[6.5403,10.5452]]]},"properties":{"name":"Shiroro","state":"Niger","db":["Shiroro"]}},
{"type":"Feature","geometry":{"type":"Polygon","coordinates":[[[3.7969,10.0661],[4.1529,9.8621],[4.3506,9.5884],[4.6097,9.3618],[4.5679,9.5992],[4.6212,9.8191],[4.53,10.1006],[4.5101,10.5352],[4.3098,10.5546],[4.3358,10.9187],[4.3141,10.9499],[3.993,11.0165],[3.77,10.9197],[3.8488,10.6828],[3.7936,10.4056],[3.5819,10.2753],[3.6843,10.1567],[3.7969,10.0661]]]},"properties":{"name":"Borgu","state":"Niger","db":["Borgu"]}},
{"type":"Feature","geometry":{"type":"Polygon","coordinates":[[[6.408,8.603],[6.4529,8.4483],[6.6913,8.183],[6.8279,8.4576],[6.78,8.5803],[6.7881,9.2702],[6.7236,9.2891],[6.5353,9.2209],[6.5985,8.8537],[6.5357,8.6279],[6.408,8.603]]]},"properties":{"name":"Lapai","state":"Niger","db":["Lapai"]}},
{"type":"Feature","geometry":{"type":"Polygon","coordinates":[[[5.8235,7.4959],[5.6103,7.4845],[5.6055,7.4732],[5.5044,7.3162],[5.6697,7.3001],[5.8469,7.3945],[5.8235,7.4959]]]},"properties":{"name":"Akoko South West","state":"Ondo","db":["Akoko South West"]}},
{"type":"Feature","geometry":{"type":"Polygon","coordinates":[[[5.3331,11.3564],[5.2334,11.2182],[4.9883,11.313],[4.7915,11.3268],[4.7461,11.1476],[5.0406,11.0519],[5.101,10.7613],[5.2379,10.7096],[5.4306,10.9906],[5.3331,11.3564]]]},"properties":{"name":"Rijau","state":"Niger","db":["Rijau"]}},
{"type":"Feature","geometry":{"type":"Polygon","coordinates":[[[6.5723,9.5724],[6.5719,9.6333],[6.5136,9.6373],[6.5096,9.5627],[6.5723,9.5724]]]},"properties":{"name":"Chanchaga","state":"Niger","db":["Chanchaga"]}},
{"type":"Feature","geometry":{"type":"Polygon","coordinates":[[[5.4306,10.9906],[5.2379,10.7096],[5.3437,10.6192],[5.5997,10.6785],[5.7171,10.2369],[5.9992,10.0704],[6.0922,10.5218],[6.1226,10.8449],[6.2665,10.9661],[6.0159,11.138],[5.8679,11.1069],[5.5562,10.9474],[5.4306,10.9906]]]},"properties":{"name":"Mariga","state":"Niger","db":["Mariga"]}},
{"type":"Feature","geometry":{"type":"Polygon","coordinates":[[[7.2541,10.0392],[6.9012,10.0764],[6.8471,9.9231],[6.8468,9.5331],[7.1541,9.616],[7.2047,9.7583],[7.2541,10.0392]]]},"properties":{"name":"Munya","state":"Niger","db":["Munya"]}},
{"type":"Feature","geometry":{"type":"Polygon","coordinates":[[[6.477,9.4411],[6.6218,9.5398],[6.4976,9.8959],[6.2344,9.8935],[6.1896,9.5122],[6.2012,9.4618],[6.477,9.4411]],[[6.5723,9.5724],[6.5096,9.5627],[6.5136,9.6373],[6.5719,9.6333],[6.5723,9.5724]]]},"properties":{"name":"Bosso","state":"Niger","db":["Bosso"]}},
{"type":"Feature","geometry":{"type":"Polygon","coordinates":[[[7.1793,9.1442],[7.2072,9.2478],[7.0921,9.2106],[7.1793,9.1442]]]},"properties":{"name":"Suleja","state":"Niger","db":["Suleja"]}},
{"type":"Feature","geometry":{"type":"Polygon","coordinates":[[[7.2047,9.7583],[7.1541,9.616],[6.8468,9.5331],[6.6218,9.5398],[6.477,9.4411],[6.488,9.2964],[6.5353,9.2209],[6.7236,9.2891],[6.8555,9.3996],[7.0394,9.3875],[7.219,9.4927],[7.2514,9.521],[7.2047,9.7583]]]},"properties":{"name":"Paikoro","state":"Niger","db":["Paikoro"]}},
{"type":"Feature","geometry":{"type":"Polygon","coordinates":[[[9.4842,9.4752],[9.5131,9.1788],[9.6886,9.2432],[9.7831,9.2937],[9.7609,9.5387],[9.5767,9.5228],[9.4842,9.4752]]]},"properties":{"name":"Kanke","state":"Plateau","db":["Kanke"]}},
{"type":"Feature","geometry":{"type":"Polygon","coordinates":[[[8.9387,10.0266],[8.8037,9.9054],[8.9819,9.8607],[8.9775,9.9874],[8.9387,10.0266]]]},"properties":{"name":"Jos North","state":"Plateau","db":["Jos North"]}},
{"type":"Feature","geometry":{"type":"Polygon","coordinates":[[[9.2721,9.8461],[9.2143,10.0175],[8.9775,9.9874],[8.9819,9.8607],[8.9526,9.8164],[9.0864,9.6892],[9.1576,9.7408],[9.2721,9.8461]]]},"properties":{"name":"Jos East","state":"Plateau","db":["Jos East"]}},
{"type":"Feature","geometry":{"type":"Polygon","coordinates":[[[5.6447,6.3702],[5.5288,6.2772],[5.4637,6.0985],[5.6447,6.3702]]]},"properties":{"name":"Oredo","state":"Edo","db":["Oredo"]}},
{"type":"Feature","geometry":{"type":"Polygon","coordinates":[[[5.9809,5.1306],[6.22,5.2387],[6.1615,5.2357],[6.0712,5.2079],[5.9809,5.1306]]]},"properties":{"name":"Patani","state":"Delta","db":["Patani"]}},
{"type":"Feature","geometry":{"type":"Polygon","coordinates":[[[9.7567,8.3673],[9.6548,8.6739],[9.774,8.8047],[9.7854,8.8901],[9.4515,8.9872],[9.4052,9.098],[9.3263,9.1084],[9.3553,8.483],[9.6168,8.3718],[9.7567,8.3673]]]},"properties":{"name":"Shendam","state":"Plateau","db":["Shendam"]}},
{"type":"Feature","geometry":{"type":"Polygon","coordinates":[[[5.6416,6.4142],[5.5288,6.2772],[5.6447,6.3702],[5.6416,6.4142]]]},"properties":{"name":"Egor","state":"Edo","db":["Egor"]}},
{"type":"Feature","geometry":{"type":"Polygon","coordinates":[[[9.6886,9.2432],[9.6364,9.1493],[9.7854,8.8901],[9.774,8.8047],[9.8721,8.8008],[9.9307,9.2091],[9.7831,9.2937],[9.6886,9.2432]]]},"properties":{"name":"Langtang North","state":"Plateau","db":["Langtang North"]}},
{"type":"Feature","geometry":{"type":"Polygon","coordinates":[[[8.8037,9.9054],[8.7538,9.7806],[8.8718,9.6468],[8.9526,9.8164],[8.9819,9.8607],[8.8037,9.9054]]]},"properties":{"name":"Jos South","state":"Plateau","db":["Jos South"]}},
{"type":"Feature","geometry":{"type":"Polygon","coordinates":[[[9.7854,8.8901],[9.6364,9.1493],[9.4052,9.098],[9.4515,8.9872],[9.7854,8.8901]]]},"properties":{"name":"Mikang","state":"Plateau","db":["Mikang"]}},
{"type":"Feature","geometry":{"type":"Polygon","coordinates":[[[8.6715,9.2513],[9.0053,9.454],[9.0864,9.6892],[8.9526,9.8164],[8.8718,9.6468],[8.6923,9.3826],[8.6715,9.2513]]]},"properties":{"name":"Barkin Ladi","state":"Plateau","db":["Barikin Ladi"]}},
{"type":"Feature","geometry":{"type":"Polygon","coordinates":[[[9.3142,9.5631],[9.3179,9.1207],[9.3263,9.1084],[9.4052,9.098],[9.6364,9.1493],[9.6886,9.2432],[9.5131,9.1788],[9.4842,9.4752],[9.3142,9.5631]]]},"properties":{"name":"Pankshin","state":"Plateau","db":["Pankshin"]}},
{"type":"Feature","geometry":{"type":"Polygon","coordinates":[[[8.6578,9.2077],[8.9182,9.0171],[9.0541,9.0249],[9.0797,9.0283],[9.1422,9.1314],[9.0053,9.454],[8.6715,9.2513],[8.6578,9.2077]]]},"properties":{"name":"Bokkos","state":"Plateau","db":["Bokkos"]}},
{"type":"Feature","geometry":{"type":"Polygon","coordinates":[[[10.5603,9.3902],[10.0966,9.3849],[9.9307,9.2091],[9.8721,8.8008],[10.0518,8.5918],[10.2456,8.8044],[10.6361,9.119],[10.5603,9.3902]]]},"properties":{"name":"Wase","state":"Plateau","db":["Wase"]}},
{"type":"Feature","geometry":{"type":"Polygon","coordinates":[[[8.6796,10.0111],[8.6351,9.7576],[8.7538,9.7806],[8.8037,9.9054],[8.9387,10.0266],[8.9357,10.3485],[8.8183,10.3804],[8.672,10.1462],[8.6796,10.0111]]]},"properties":{"name":"Bassa","state":"Plateau","db":["Bassa"]}},
{"type":"Feature","geometry":{"type":"Polygon","coordinates":[[[7.2708,6.079],[7.1385,6.0052],[7.2028,5.921],[7.2288,5.9328],[7.261,5.9389],[7.3391,6.0421],[7.2708,6.079]]]},"properties":{"name":"Orumba South","state":"Anambra","db":["Orumba  South"]}},
{"type":"Feature","geometry":{"type":"Polygon","coordinates":[[[9.9726,9.6995],[9.8078,9.58],[9.7609,9.5387],[9.7831,9.2937],[9.9307,9.2091],[10.0966,9.3849],[10.5603,9.3902],[10.541,9.4835],[10.2606,9.6871],[9.9726,9.6995]]]},"properties":{"name":"Kanam","state":"Plateau","db":["Kanam"]}},
{"type":"Feature","geometry":{"type":"Polygon","coordinates":[[[10.0518,8.5918],[9.8721,8.8008],[9.774,8.8047],[9.6548,8.6739],[9.7567,8.3673],[10.0518,8.5918]]]},"properties":{"name":"Langtang South","state":"Plateau","db":["Langtang South"]}},
{"type":"Feature","geometry":{"type":"Polygon","coordinates":[[[9.1576,9.7408],[9.0864,9.6892],[9.0053,9.454],[9.1422,9.1314],[9.0797,9.0283],[9.3179,9.1207],[9.3142,9.5631],[9.1576,9.7408]]]},"properties":{"name":"Mangu","state":"Plateau","db":["Mangu"]}},
{"type":"Feature","geometry":{"type":"Polygon","coordinates":[[[7.3786,9.3365],[7.2323,9.3177],[7.2072,9.2478],[7.1793,9.1442],[7.221,9.1153],[7.3786,9.3365]]]},"properties":{"name":"Tafa","state":"Niger","db":["Tafa"]}},
{"type":"Feature","geometry":{"type":"Polygon","coordinates":[[[4.53,10.1006],[4.6212,9.8191],[4.7366,9.9761],[4.9039,9.9843],[4.9287,10.1642],[5.1677,10.2839],[5.3549,10.4143],[5.3437,10.6192],[5.2379,10.7096],[5.101,10.7613],[4.7961,10.6293],[4.9465,10.2853],[4.6465,10.205],[4.53,10.1006]]]},"properties":{"name":"Magama","state":"Niger","db":["Magama"]}},
{"type":"Feature","geometry":{"type":"Polygon","coordinates":[[[4.3358,10.9187],[4.3098,10.5546],[4.5101,10.5352],[4.6338,10.6114],[4.6935,10.9191],[4.3358,10.9187]]]},"properties":{"name":"Agwara","state":"Niger","db":["Agwara"]}},
{"type":"Feature","geometry":{"type":"Polygon","coordinates":[[[8.5778,9.4992],[8.6923,9.3826],[8.8718,9.6468],[8.7538,9.7806],[8.6351,9.7576],[8.5989,9.7279],[8.5557,9.5816],[8.5778,9.4992]]]},"properties":{"name":"Riyom","state":"Plateau","db":["Riyom"]}},
{"type":"Feature","geometry":{"type":"Polygon","coordinates":[[[6.0341,12.7841],[6.0469,13.0312],[6.0233,13.0854],[5.7213,13.107],[5.722,13.2379],[5.3613,13.113],[5.5402,12.981],[5.5882,12.8041],[6.0341,12.7841]]]},"properties":{"name":"Rabah","state":"Sokoto","db":["Rabah"]}},
{"type":"Feature","geometry":{"type":"Polygon","coordinates":[[[8.1265,6.1834],[8.0065,6.0225],[8.0136,5.9937],[8.1138,5.9381],[8.1733,5.974],[8.4007,6.2166],[8.1265,6.1834]]]},"properties":{"name":"Ikwo","state":"Ebonyi","db":["Ikwo"]}},
{"type":"Feature","geometry":{"type":"Polygon","coordinates":[[[7.3346,12.32],[7.4044,12.5255],[7.3692,12.6804],[7.043,12.7196],[6.989,12.6734],[7.0659,12.4317],[7.3346,12.32]]]},"properties":{"name":"Safana","state":"Katsina","db":["Safana"]}},
{"type":"Feature","geometry":{"type":"Polygon","coordinates":[[[3.3388,6.4746],[3.3156,6.4598],[3.3371,6.4381],[3.3388,6.4746]]]},"properties":{"name":"Ajeromi/Ifelodun","state":"Lagos","db":["Ajeromi/Ifelodun"]}},
{"type":"Feature","geometry":{"type":"Polygon","coordinates":[[[4.3688,11.747],[4.3006,11.7329],[4.2288,11.6598],[4.3939,11.5578],[4.2451,11.3546],[4.3377,11.1815],[4.4876,11.2396],[4.5094,11.4961],[4.4828,11.532],[4.3688,11.747]]]},"properties":{"name":"Koko-Besse","state":"Kebbi","db":["Koko/Besse"]}},
{"type":"Feature","geometry":{"type":"Polygon","coordinates":[[[4.085,6.6798],[3.903,6.6816],[3.699,6.6841],[3.6329,6.5397],[3.6162,6.5134],[3.667,6.4915],[3.8949,6.5329],[4.279,6.3782],[4.3597,6.3678],[4.2359,6.5782],[4.085,6.6798]]]},"properties":{"name":"Epe","state":"Lagos","db":["Epe"]}},
{"type":"Feature","geometry":{"type":"Polygon","coordinates":[[[9.0331,11.528],[8.9167,11.5739],[8.7861,11.3952],[8.6433,11.14],[8.7667,10.9417],[8.8129,11.0918],[9.1302,11.3288],[9.0331,11.528]]]},"properties":{"name":"Sumaila","state":"Kano","db":["Sumaila"]}},
{"type":"Feature","geometry":{"type":"Polygon","coordinates":[[[6.1583,7.5283],[6.1124,7.4487],[6.2253,7.4684],[6.1583,7.5283]]]},"properties":{"name":"Ogori/Magongo","state":"Kogi","db":["Ogori Mangogo"]}},
{"type":"Feature","geometry":{"type":"Polygon","coordinates":[[[3.3371,6.4381],[3.3156,6.4598],[3.3215,6.4958],[3.29,6.4916],[3.2372,6.4815],[3.2017,6.4021],[3.3596,6.3977],[3.3371,6.4381]]]},"properties":{"name":"Amuwo Odofin","state":"Lagos","db":["Amuwo-Odofin"]}},
{"type":"Feature","geometry":{"type":"Polygon","coordinates":[[[7.9992,12.1629],[8.1193,12.2049],[8.1191,12.4061],[8.1082,12.4164],[8.0479,12.4126],[7.9027,12.3325],[7.8764,12.2352],[7.9992,12.1629]]]},"properties":{"name":"Tsanyawa","state":"Kano","db":["Tsanyawa"]}},
{"type":"Feature","geometry":{"type":"Polygon","coordinates":[[[3.667,6.4915],[3.6282,6.4219],[3.8964,6.4337],[4.279,6.3782],[3.8949,6.5329],[3.667,6.4915]]]},"properties":{"name":"Ibeju Lekki","state":"Lagos","db":["Ibeju/Lekki"]}},
{"type":"Feature","geometry":{"type":"Polygon","coordinates":[[[6.2921,7.5004],[6.4322,7.4023],[6.6902,7.2191],[6.7076,7.4844],[6.7579,7.7504],[6.7103,7.7865],[6.2978,7.5336],[6.2921,7.5004]]]},"properties":{"name":"Ajaokuta","state":"Kogi","db":["Ajaokuta"]}},
{"type":"Feature","geometry":{"type":"Polygon","coordinates":[[[3.6915,8.9966],[3.9772,8.8755],[4.2105,8.97],[3.7707,9.1468],[3.6915,8.9966]]]},"properties":{"name":"Irepo","state":"Oyo","db":["Irepo"]}},
{"type":"Feature","geometry":{"type":"Polygon","coordinates":[[[6.088,5.4043],[6.1954,5.5428],[6.3502,5.4321],[6.3256,5.6379],[6.2115,5.6217],[6.088,5.4043]]]},"properties":{"name":"Isoko North","state":"Delta","db":["Isoko North"]}},
{"type":"Feature","geometry":{"type":"Polygon","coordinates":[[[7.29,6.2783],[7.3609,6.3556],[7.2358,6.5733],[7.0331,6.4637],[7.0318,6.4508],[7.1602,6.3034],[7.29,6.2783]]]},"properties":{"name":"Ezeagu","state":"Enugu","db":["Ezeagu"]}},
{"type":"Feature","geometry":{"type":"Polygon","coordinates":[[[4.8651,6.4378],[5.0156,6.2924],[5.1534,6.498],[5.1223,6.6987],[5.0785,6.715],[4.868,6.5865],[4.8549,6.4313],[4.8651,6.4378]]]},"properties":{"name":"Irele","state":"Ondo","db":["Irele"]}},
{"type":"Feature","geometry":{"type":"Polygon","coordinates":[[[5.4497,7.0648],[5.5371,6.8848],[5.5655,6.876],[5.7269,7.1942],[5.6697,7.3001],[5.5044,7.3162],[5.4675,7.3018],[5.3882,7.2832],[5.4497,7.0648]]]},"properties":{"name":"Owo","state":"Ondo","db":["Owo"]}},
{"type":"Feature","geometry":{"type":"Polygon","coordinates":[[[7.3491,7.847],[7.1083,7.6932],[6.8411,7.6013],[6.8132,7.453],[7.3779,7.3751],[7.4503,7.5133],[7.3491,7.847]]]},"properties":{"name":"Dekina","state":"Kogi","db":["Dekina"]}},
{"type":"Feature","geometry":{"type":"Polygon","coordinates":[[[5.94,7.6451],[5.6182,7.5639],[5.6103,7.4845],[5.8235,7.4959],[5.9512,7.5012],[6.0041,7.5292],[5.94,7.6451]]]},"properties":{"name":"Akoko North East","state":"Ondo","db":["Akoko North East"]}},
{"type":"Feature","geometry":{"type":"Polygon","coordinates":[[[3.9098,7.3424],[3.871,7.3402],[3.8414,7.3574],[3.7363,7.3007],[3.7623,7.2432],[3.726,7.0859],[3.8256,7.0828],[3.999,7.1266],[3.926,7.3375],[3.9098,7.3424]]]},"properties":{"name":"Oluyole","state":"Oyo","db":["Oluyole"]}},
{"type":"Feature","geometry":{"type":"Polygon","coordinates":[[[6.6844,5.2147],[6.7615,5.3159],[6.6584,5.6249],[6.6689,5.6899],[6.6019,5.6875],[6.4855,5.3792],[6.5309,5.2845],[6.5534,5.1898],[6.5787,5.1772],[6.6844,5.2147]]]},"properties":{"name":"Ogba/Egbema/Ndoni","state":"Rivers","db":["Ogba/Egbema/Ndoni"]}},
{"type":"Feature","geometry":{"type":"Polygon","coordinates":[[[5.2702,6.0543],[5.4962,6.5298],[5.3868,6.733],[5.4597,6.8855],[5.2548,6.8827],[5.1223,6.6987],[5.1534,6.498],[5.0156,6.2924],[5.1344,6.1694],[5.2702,6.0543]]]},"properties":{"name":"Ovia South-West","state":"Edo","db":["Ovia South West"]}},
{"type":"Feature","geometry":{"type":"Polygon","coordinates":[[[6.4855,5.3792],[6.6019,5.6875],[6.7197,5.9962],[6.5668,5.9964],[6.4792,5.9853],[6.4347,5.684],[6.3256,5.6379],[6.3502,5.4321],[6.3106,5.3035],[6.4855,5.3792]]]},"properties":{"name":"Ndokwa East","state":"Delta","db":["Ndokwa East"]}},
{"type":"Feature","geometry":{"type":"Polygon","coordinates":[[[3.4192,8.8621],[3.5321,8.5859],[3.686,8.4318],[3.8742,8.5542],[3.8743,8.5556],[3.654,8.7901],[3.6,8.9569],[3.4192,8.8621]]]},"properties":{"name":"Saki East","state":"Oyo","db":["Saki East"]}},
{"type":"Feature","geometry":{"type":"Polygon","coordinates":[[[7.7262,6.1149],[7.9141,5.9755],[7.993,5.984],[8.0136,5.9937],[8.0065,6.0225],[7.8785,6.1804],[7.8512,6.2315],[7.733,6.2266],[7.7262,6.1149]]]},"properties":{"name":"Onicha","state":"Ebonyi","db":["Onicha"]}},
{"type":"Feature","geometry":{"type":"Polygon","coordinates":[[[6.1497,5.7557],[6.1209,5.8397],[5.9061,5.7704],[5.9009,5.6019],[6.1497,5.7557]]]},"properties":{"name":"Ethiope East","state":"Delta","db":["Ethiope  East"]}},
{"type":"Feature","geometry":{"type":"Polygon","coordinates":[[[8.9591,8.2814],[8.9557,8.4062],[8.7061,8.482],[8.4996,8.4046],[8.5087,8.2608],[8.9591,8.2814]]]},"properties":{"name":"Obi","state":"Nasarawa","db":["Obi"]}},
{"type":"Feature","geometry":{"type":"Polygon","coordinates":[[[4.0786,7.9538],[4.018,7.9179],[3.9561,7.8626],[3.9375,7.8581],[3.9347,7.8022],[4.0897,7.8712],[4.0879,7.9422],[4.0786,7.9538]]]},"properties":{"name":"Oyo East","state":"Oyo","db":["Oyo East"]}},
{"type":"Feature","geometry":{"type":"Polygon","coordinates":[[[7.5302,6.006],[7.5132,5.9244],[7.5346,5.8347],[7.684,5.8223],[7.7274,5.9077],[7.7074,5.9334],[7.5302,6.006]]]},"properties":{"name":"Ivo","state":"Ebonyi","db":["Ivo"]}},
{"type":"Feature","geometry":{"type":"Polygon","coordinates":[[[6.7158,7.1228],[6.6933,7.2165],[6.6902,7.2191],[6.4322,7.4023],[6.2567,7.2077],[6.4147,7.1667],[6.6793,6.972],[6.7158,7.1228]]]},"properties":{"name":"Etsako East","state":"Edo","db":["Etsako East"]}},
{"type":"Feature","geometry":{"type":"Polygon","coordinates":[[[6.6452,6.1012],[6.5668,5.9964],[6.7197,5.9962],[6.7579,6.1349],[6.7648,6.1558],[6.7626,6.1856],[6.7231,6.2656],[6.6452,6.1012]]]},"properties":{"name":"Oshimili South","state":"Delta","db":["Oshimilisouth"]}},
{"type":"Feature","geometry":{"type":"Polygon","coordinates":[[[8.3917,6.3065],[8.4442,6.3893],[8.4312,6.4568],[8.2945,6.6787],[8.173,6.7733],[8.1368,6.3571],[8.3917,6.3065]]]},"properties":{"name":"Izzi","state":"Ebonyi","db":["Izzi"]}},
{"type":"Feature","geometry":{"type":"Polygon","coordinates":[[[6.2594,5.2279],[6.2835,5.2706],[6.3106,5.3035],[6.3502,5.4321],[6.1954,5.5428],[6.088,5.4043],[6.1615,5.2357],[6.22,5.2387],[6.2594,5.2279]]]},"properties":{"name":"Isoko South","state":"Delta","db":["Isoko South"]}},
{"type":"Feature","geometry":{"type":"Polygon","coordinates":[[[8.0333,6.2035],[7.8785,6.1804],[8.0065,6.0225],[8.1265,6.1834],[8.0333,6.2035]]]},"properties":{"name":"Ezza South","state":"Ebonyi","db":["Ezza South"]}},
{"type":"Feature","geometry":{"type":"Polygon","coordinates":[[[6.7076,7.4844],[6.6902,7.2191],[6.6933,7.2165],[7.0647,7.2528],[7.3074,7.1833],[7.3964,7.3066],[7.3779,7.3751],[6.8132,7.453],[6.7076,7.4844]]]},"properties":{"name":"Ofu","state":"Kogi","db":["Ofu"]}},
{"type":"Feature","geometry":{"type":"Polygon","coordinates":[[[6.3623,6.3844],[6.3753,6.2396],[6.5815,6.2912],[6.5755,6.4951],[6.3623,6.3844]]]},"properties":{"name":"Aniocha North","state":"Delta","db":["Aniocha North"]}},
{"type":"Feature","geometry":{"type":"Polygon","coordinates":[[[6.5815,6.2912],[6.3753,6.2396],[6.3476,6.1207],[6.3192,6.0186],[6.4792,5.9853],[6.5668,5.9964],[6.6452,6.1012],[6.5815,6.2912]]]},"properties":{"name":"Aniocha South","state":"Delta","db":["Aniochasouth"]}},
{"type":"Feature","geometry":{"type":"Polygon","coordinates":[[[7.3514,7.0334],[7.3668,7.0399],[7.3074,7.1833],[7.0647,7.2528],[6.6933,7.2165],[6.7158,7.1228],[6.8003,7.0523],[6.9608,6.8409],[7.2028,6.9023],[7.3164,7.0105],[7.3514,7.0334]]]},"properties":{"name":"Igalamela-Odolu","state":"Kogi","db":["Igalamela/Odolu"]}},
{"type":"Feature","geometry":{"type":"Polygon","coordinates":[[[7.834,5.0339],[7.877,5.045],[7.9798,5.2072],[7.8422,5.3358],[7.807,5.2893],[7.8291,5.0403],[7.834,5.0339]]]},"properties":{"name":"Ibiono Ibom","state":"Akwa Ibom","db":["Ibiono Ibom"]}},
{"type":"Feature","geometry":{"type":"Polygon","coordinates":[[[7.6514,5.1755],[7.722,5.2772],[7.7208,5.2969],[7.6667,5.3469],[7.5394,5.2949],[7.5325,5.1725],[7.6514,5.1755]]]},"properties":{"name":"Obot Akara","state":"Akwa Ibom","db":["Obot Akara"]}},
{"type":"Feature","geometry":{"type":"Polygon","coordinates":[[[4.2918,8.0553],[4.2783,8.0729],[4.1759,8.0959],[4.1378,8.0272],[4.139,8.023],[4.0879,7.9422],[4.0897,7.8712],[4.0902,7.8601],[4.2763,7.9712],[4.3711,7.8487],[4.3972,7.8965],[4.2918,8.0553]]]},"properties":{"name":"Ogo Oluwa","state":"Oyo","db":["Ogo-Oluwa"]}},
{"type":"Feature","geometry":{"type":"Polygon","coordinates":[[[3.8101,8.1398],[3.9375,7.8581],[3.9561,7.8626],[4.018,7.9179],[4.0786,7.9538],[3.8531,8.223],[3.8101,8.1398]]]},"properties":{"name":"Atiba","state":"Oyo","db":["Atiba"]}},
{"type":"Feature","geometry":{"type":"Polygon","coordinates":[[[4.1759,8.0959],[4.2783,8.0729],[4.1983,8.1266],[4.1759,8.0959]]]},"properties":{"name":"Ogbomosho South","state":"Oyo","db":["Ogbomoso South"]}},
{"type":"Feature","geometry":{"type":"Polygon","coordinates":[[[5.4428,6.0414],[5.4637,6.0985],[5.5288,6.2772],[5.6416,6.4142],[5.8701,6.7972],[5.7516,6.7816],[5.5655,6.876],[5.5371,6.8848],[5.4597,6.8855],[5.3868,6.733],[5.4962,6.5298],[5.2702,6.0543],[5.4428,6.0414]]]},"properties":{"name":"Ovia North-East","state":"Edo","db":["Ovia North East"]}},
{"type":"Feature","geometry":{"type":"Polygon","coordinates":[[[3.6314,7.7101],[3.6133,7.6056],[3.7671,7.6083],[4.0631,7.6511],[4.0758,7.653],[4.0618,7.7501],[4.0751,7.82],[4.0902,7.8601],[4.0897,7.8712],[3.9347,7.8022],[3.7469,7.8604],[3.6314,7.7101]]]},"properties":{"name":"Afijio","state":"Oyo","db":["Afijio"]}},
{"type":"Feature","geometry":{"type":"Polygon","coordinates":[[[4.2797,8.2082],[4.1983,8.1266],[4.2783,8.0729],[4.2918,8.0553],[4.2797,8.2082]]]},"properties":{"name":"Ogbomosho North","state":"Oyo","db":["Ogbomoso North"]}},
{"type":"Feature","geometry":{"type":"Polygon","coordinates":[[[6.7248,5.0959],[6.8991,4.9042],[7.028,4.9387],[6.9436,5.2286],[6.8166,5.2594],[6.7219,5.1055],[6.7248,5.0959]]]},"properties":{"name":"Ikwerre","state":"Rivers","db":["Ikwerre"]}},
{"type":"Feature","geometry":{"type":"Polygon","coordinates":[[[8.1371,4.6014],[8.1542,4.6672],[8.0991,4.6958],[8.0622,4.6978],[8.0343,4.6821],[8.0029,4.6021],[8.1371,4.6014]]]},"properties":{"name":"Esit Eket","state":"Akwa Ibom","db":["Esit Eket"]}},
{"type":"Feature","geometry":{"type":"Polygon","coordinates":[[[6.9579,4.7745],[7.0609,4.8073],[7.0736,4.8166],[7.1065,4.8512],[7.0931,4.9023],[7.028,4.9387],[6.8991,4.9042],[6.9291,4.7817],[6.9579,4.7745]]]},"properties":{"name":"Obio/Akpor","state":"Rivers","db":["Obio/Akpor"]}},
{"type":"Feature","geometry":{"type":"Polygon","coordinates":[[[7.2279,5.1948],[7.0036,5.24],[6.9436,5.2286],[7.028,4.9387],[7.0931,4.9023],[7.1463,4.8959],[7.1837,4.9499],[7.2279,5.1948]]]},"properties":{"name":"Etche","state":"Rivers","db":["Etche"]}},
{"type":"Feature","geometry":{"type":"Polygon","coordinates":[[[13.0872,10.9402],[12.9363,10.6581],[12.6663,10.7823],[12.4525,10.7377],[12.4647,10.6394],[12.5923,10.4899],[12.612,10.4484],[12.7353,10.5761],[13.2345,10.4632],[13.2486,10.5111],[13.3209,10.7441],[13.3362,10.8669],[13.3279,10.8652],[13.0872,10.9402]]]},"properties":{"name":"Askira Uba","state":"Borno","db":["Askira / Uba"]}},
{"type":"Feature","geometry":{"type":"Polygon","coordinates":[[[5.3369,13.2266],[5.4853,13.3772],[5.5587,13.4939],[5.5247,13.5648],[5.4814,13.4867],[5.184,13.52],[5.1347,13.2496],[5.3369,13.2266]]]},"properties":{"name":"Gwadabawa","state":"Sokoto","db":["Gwadabawa"]}},
{"type":"Feature","geometry":{"type":"Polygon","coordinates":[[[10.0521,12.4319],[10.062,12.4847],[10.0277,12.4406],[10.0521,12.4319]]]},"properties":{"name":"Hadejia","state":"Jigawa","db":["Hadejia"]}},
{"type":"Feature","geometry":{"type":"Polygon","coordinates":[[[10.1884,12.6954],[10.062,12.4847],[10.0521,12.4319],[10.225,12.4339],[10.3632,12.4521],[10.3514,12.7743],[10.1884,12.6954]]]},"properties":{"name":"Kiri Kasama","state":"Jigawa","db":["Kirika Samma"]}},
{"type":"Feature","geometry":{"type":"Polygon","coordinates":[[[13.1921,11.3207],[13.4024,11.3236],[13.594,11.4346],[13.5855,11.6507],[13.5055,11.7974],[13.2474,11.8111],[13.08,11.7152],[13.092,11.835],[13.0912,11.9142],[13.0706,12.0423],[12.9082,11.8916],[12.6837,11.9977],[12.7345,11.5076],[12.8293,11.3576],[12.9036,11.2745],[13.1921,11.3207]]]},"properties":{"name":"Konduga","state":"Borno","db":["Konduga"]}},
{"type":"Feature","geometry":{"type":"Polygon","coordinates":[[[13.092,11.835],[13.08,11.7152],[13.2474,11.8111],[13.2247,12.1279],[13.1546,12.1893],[13.0706,12.0423],[13.0912,11.9142],[13.154,11.8986],[13.1817,11.8104],[13.092,11.835]]]},"properties":{"name":"Jere","state":"Borno","db":["Jere"]}},
{"type":"Feature","geometry":{"type":"Polygon","coordinates":[[[3.403,6.4393],[3.3771,6.398],[3.6282,6.4219],[3.667,6.4915],[3.6162,6.5134],[3.4041,6.4584],[3.403,6.4393]]]},"properties":{"name":"Eti Osa","state":"Lagos","db":["Eti-Osa"]}},
{"type":"Feature","geometry":{"type":"Polygon","coordinates":[[[3.3669,6.5585],[3.3998,6.5398],[3.4418,6.6071],[3.4312,6.6406],[3.3727,6.6411],[3.3669,6.5585]]]},"properties":{"name":"Kosofe","state":"Lagos","db":["Kosofe"]}},
{"type":"Feature","geometry":{"type":"Polygon","coordinates":[[[3.9366,7.4231],[3.8858,7.4542],[3.8653,7.4254],[3.8989,7.3794],[3.9402,7.4195],[3.9366,7.4231]]]},"properties":{"name":"Ibadan North","state":"Oyo","db":["Ibadan North"]}},
{"type":"Feature","geometry":{"type":"Polygon","coordinates":[[[4.0631,7.6511],[3.7671,7.6083],[3.8858,7.4542],[3.9366,7.4231],[4.0631,7.6511]]]},"properties":{"name":"Akinyele","state":"Oyo","db":["Akinyele"]}},
{"type":"Feature","geometry":{"type":"Polygon","coordinates":[[[3.5458,7.4408],[3.7363,7.3007],[3.8414,7.3574],[3.8541,7.3836],[3.8653,7.4254],[3.8858,7.4542],[3.7671,7.6083],[3.6133,7.6056],[3.5458,7.4408]]]},"properties":{"name":"Ido","state":"Oyo","db":["Ido"]}},
{"type":"Feature","geometry":{"type":"Polygon","coordinates":[[[3.8653,7.4254],[3.8541,7.3836],[3.8916,7.3773],[3.8989,7.3794],[3.8653,7.4254]]]},"properties":{"name":"Ibadan North West","state":"Oyo","db":["Ibadan North West"]}},
{"type":"Feature","geometry":{"type":"Polygon","coordinates":[[[3.871,7.3402],[3.8916,7.3773],[3.8541,7.3836],[3.8414,7.3574],[3.871,7.3402]]]},"properties":{"name":"Ibadan South West","state":"Oyo","db":["Ibadan South West"]}},
{"type":"Feature","geometry":{"type":"Polygon","coordinates":[[[3.8989,7.3794],[3.8916,7.3773],[3.871,7.3402],[3.9098,7.3424],[3.8989,7.3794]]]},"properties":{"name":"Ibadan South East","state":"Oyo","db":["Ibadan South-East"]}},
{"type":"Feature","geometry":{"type":"Polygon","coordinates":[[[3.3317,7.1355],[3.4091,7.1593],[3.3166,7.2213],[3.3317,7.1355]]]},"properties":{"name":"Abeokuta South","state":"Ogun","db":["Abeokuta South"]}},
{"type":"Feature","geometry":{"type":"Polygon","coordinates":[[[3.1996,6.5319],[3.2372,6.4815],[3.29,6.4916],[3.3088,6.5881],[3.3158,6.6054],[3.306,6.6478],[3.2574,6.693],[3.1996,6.5319]]]},"properties":{"name":"Alimosho","state":"Lagos","db":["Alimosho"]}},
{"type":"Feature","geometry":{"type":"Polygon","coordinates":[[[3.2574,6.693],[3.306,6.6478],[3.3367,6.6265],[3.3534,6.6582],[3.2783,6.694],[3.2574,6.693]]]},"properties":{"name":"Ifako/Ijaye","state":"Lagos","db":["Ifako-Ijaye"]}},
{"type":"Feature","geometry":{"type":"Polygon","coordinates":[[[3.4432,6.6859],[3.4398,6.6755],[3.4312,6.6406],[3.4418,6.6071],[3.6329,6.5397],[3.699,6.6841],[3.6924,6.6828],[3.4432,6.6859]]]},"properties":{"name":"Ikorodu","state":"Lagos","db":["Ikorodu"]}},
{"type":"Feature","geometry":{"type":"Polygon","coordinates":[[[3.0817,6.762],[3.2783,6.694],[3.3534,6.6582],[3.3727,6.6411],[3.4312,6.6406],[3.4398,6.6755],[3.3045,6.905],[3.0582,6.8304],[3.0817,6.762]]]},"properties":{"name":"Ifo","state":"Ogun","db":["Ifo"]}},
{"type":"Feature","geometry":{"type":"Polygon","coordinates":[[[3.3669,6.5585],[3.3727,6.6411],[3.3534,6.6582],[3.3367,6.6265],[3.3158,6.6054],[3.3088,6.5881],[3.3518,6.5557],[3.3669,6.5585]]]},"properties":{"name":"Ikeja","state":"Lagos","db":["Ikeja"]}},
{"type":"Feature","geometry":{"type":"Polygon","coordinates":[[[3.1275,7.0615],[3.0517,6.945],[3.0582,6.8304],[3.3045,6.905],[3.3059,7.1174],[3.1275,7.0615]]]},"properties":{"name":"Ewekoro","state":"Ogun","db":["Ewekoro"]}},
{"type":"Feature","geometry":{"type":"Polygon","coordinates":[[[3.103,6.4996],[3.0208,6.397],[3.2017,6.4021],[3.2372,6.4815],[3.1996,6.5319],[3.103,6.4996]]]},"properties":{"name":"Ojo","state":"Lagos","db":["Ojo"]}},
{"type":"Feature","geometry":{"type":"Polygon","coordinates":[[[2.892,6.5115],[2.7046,6.4598],[3.0208,6.397],[3.103,6.4996],[2.892,6.5115]]]},"properties":{"name":"Badagry","state":"Lagos","db":["Badagry"]}},
{"type":"Feature","geometry":{"type":"Polygon","coordinates":[[[3.3059,7.1174],[3.3045,6.905],[3.4398,6.6755],[3.4432,6.6859],[3.5874,6.9055],[3.6462,6.9902],[3.726,7.0859],[3.7623,7.2432],[3.4091,7.1593],[3.3317,7.1355],[3.3059,7.1174]]]},"properties":{"name":"Obafemi Owode","state":"Ogun","db":["Obafemi/Owode"]}},
{"type":"Feature","geometry":{"type":"Polygon","coordinates":[[[2.8267,6.8161],[2.7507,6.8684],[2.7869,6.7502],[2.7046,6.4598],[2.892,6.5115],[2.8872,6.5673],[2.8267,6.8161]]]},"properties":{"name":"Ipokia","state":"Ogun","db":["Ipokia"]}},
{"type":"Feature","geometry":{"type":"Polygon","coordinates":[[[7.8012,7.2926],[7.9695,7.1063],[8.0209,7.3321],[7.8159,7.4088],[7.7922,7.4099],[7.7687,7.3019],[7.8012,7.2926]]]},"properties":{"name":"Ohimini","state":"Benue","db":["Ohimini"]}},
{"type":"Feature","geometry":{"type":"Polygon","coordinates":[[[4.5329,8.5245],[4.4734,8.5122],[4.598,8.4267],[4.5936,8.4362],[4.5665,8.4723],[4.5606,8.4806],[4.5488,8.4943],[4.5329,8.5245]]]},"properties":{"name":"Ilorin West","state":"Kwara","db":["Ilorin-West"]}},
{"type":"Feature","geometry":{"type":"Polygon","coordinates":[[[4.638,8.3269],[4.598,8.4267],[4.4734,8.5122],[4.4791,8.5614],[4.195,8.8163],[4.269,8.5558],[4.3917,8.304],[4.5274,8.0761],[4.638,8.3269]]]},"properties":{"name":"Asa","state":"Kwara","db":["Asa"]}}
]}